LOCATION,Médecins pour 10k habitants,Personnel infirmier densité,Personnel de santé total,Grossesse adolescentes 15-19,Taux de suicides,Dépenses santé catastrophiques 10%,Dépenses santé catastrophiques 25%,Grossesse adolescentes 10-14,Couverture planning familial,Prévalence hépatite B,Décès intoxications,Espérance de vie totale,Espérance de vie femmes,Espérance de vie hommes,Pharmaciens pour 10k,Prévalence tabagisme adultes,Accès eau potable,Accès assainissement amélioré,Mortalité maternelle,Décès liés eau/assainissement,Prévalence VIH,Incidence paludisme,Mortalité maladies non transmissibles,Accidents de la route,Mortalité enfants <5 ans,Couverture vaccin rougeole 2,Décès pollution atmosphérique,Taux mortalité brute,Indice couverture santé,Capacité réponse sanitaire,Couverture vaccin pneumocoque,Accès services de santé,Incidence tuberculose,Traitement maladies tropicales,Taux natalité total,Natalité femmes,Natalité hommes,Aide santé internationale,Vaccination HPV filles,Traitement troubles alcool,Infections résistantes MRSA,Infections résistantes E.coli,Traitement dépendances drogues,Accès médicaments essentiels
Afghanistan,0.06,5.49,3.17,62.0,3.6,26.08,8.03,18.0,42.1,0.4,2.5,50.4,51.3,49.6,0.32,22.7,68,60,180,16.6,<0.1,13.26,32.7,0.0,55.5,42,269,34.3,41,35,58,521,24.1,16 959 219,59.1,61.0,57.4,4.81,,,,,,
Albania,10.27,58.21,18.79,9.8,2.8,8.85,1.41,0.2,6.3,0.3,0.2,66.7,67.8,65.7,10.8,21.9,100,97,15,3.2,<0.1,,10.0,5.0,9.4,93,92,6.9,64,88,85,7,10.8,3,76.4,78.6,74.4,3.4,74,,,,,
Algeria,3.57,25.08,16.6,11.0,2.2,,,,66.3,0.1,0.5,65.5,64.8,66.4,3,21.2,99,92,47,4.1,<0.1,0,13.3,0.5,22.0,93,50,15.3,74,80,89,62,18.3,7656,76.0,76.6,75.5,0.04,,,,,,
Andorra,12.11,47.22,50.68,0.5,,,,0,,0.0,,,,,9.77,36.3,100,98,5.7,,No data,,,11.1,2.6,96,,1.3,79,50,94,11,2.5,0,,,,,85,,,,,
Angola,0.07,18.73,2.44,,8.1,35.53,12.48,,29.8,4.6,1.0,53.8,54.7,52.8,0.4,,50,54,339,48.9,0.44,224.53,24.7,4.0,64.0,35,148,25.6,37,52,49,183,15.0,8 789 216,62.1,64.3,60.0,1.32,,0.4,,,,
Antigua and Barbuda,,96.5,29.17,32.7,1.5,,,0.3,,0.2,0.5,66.5,67,65.9,,,99,97,1.2,2.5,No data,,12.1,9.4,9.3,87,19,5.4,76,57,,35,7.5,254,76.9,78.4,75.2,0,1,,,,,
Argentina,10.86,47.49,51.06,25.8,7.9,9.57,2.54,0,80.3,0.0,0.3,64.8,66.2,63.4,5.8,23.8,99,66,35,11.4,<0.1,0,13.4,8.8,9.6,54,30,5.0,79,59,71,33,8.8,147 183,74.6,77.6,71.6,0.29,36,,32.8,22.5,,
Armenia,3.59,47.47,33.6,11.4,2.5,19.89,5.93,0,40.2,0.1,0.9,64.0,66.3,61.5,0.39,24.9,100,94,25,5.8,0.19,0,20.6,4.3,10.0,96,74,5.3,68,59,94,19,13.6,30,73.0,76.9,68.6,2.24,41,,,,,
Australia,6.41,134.5,40.86,6.7,13.1,2.47,0.4,0.1,,0.1,0.1,70.6,71.1,70.1,9.37,13.1,99,94,6.2,1.9,No data,,8.3,11.2,3.7,93,10,2.3,≥80 ,91,95,2,4.5,10 441,83.1,84.9,81.3,,71,,15,12.7,,
Austria,6.19,112.8,55.15,3.9,14.5,,,0.0,,0.2,0.2,69.8,70.5,69.1,7.62,24.9,98,84,5.2,2,No data,,9.9,11.8,3.1,94,17,2.0,≥80 ,67,,6,4.6,54,81.0,83.3,78.7,,53,,3.9,8.1,,
Azerbaijan,3.38,55.78,31.85,37.3,1.6,,,0,,0.1,0.4,64.0,65.0,63.0,0.62,19.6,100,83,72,3.6,<0.1,,17.4,2.3,18.6,93,122,12.8,66,67,82,18,17.2,0,72.9,75.2,70.5,0.44,,,,,,
Bahamas,2.54,42.24,18.95,,3.3,,,,,0.2,0.2,61.5,63.2,59.8,,11.3,99,87,7.8,2.6,0.16,,20.4,6.9,12.7,53,10,9.2,77,60,81,76,16.2,243,70.4,73.5,67.3,,9,,,,,
Bahrain,0.8,26.48,7.41,7.2,4.7,4.88,1.4,,,0.0,0.2,64.2,63.0,64.8,1.65,15.0,98,99,12,0.8,No data,,14.8,1.7,8.6,99,68,4.4,76,92,98,17,8.1,0,74.4,75.1,73.8,,,,42.1,63,,
Bangladesh,0.76,6.64,7.22,71.2,2.8,24.42,8.45,0,73.9,0.5,0.1,63.1,63.0,63.1,1.1,32.9,70,98,221,18.2,<0.01,1.10,18.1,0.0,30.6,93,144,17.9,52,69,99,115,18.6,57 177 911,73.1,74.6,71.6,1.76,21,,88.5,90,,
Barbados,3.14,36.66,29.58,,3.5,16.37,3.82,,,0.2,0.1,66.7,67.1,66.2,11.41,7.0,98,85,0.81,7.7,0.14,,14.0,9.5,10.0,76,19,6.9,77,67,86,35,10.0,771,76.8,78.4,75.1,0,50,0.3,,,,
Belarus,6.09,108.15,47.17,11.6,15.6,16.54,1.16,0.0,66,0.3,1.6,63.7,66.8,60.5,4.5,30.1,100,98,27,1.6,<0.1,,23.8,11.4,2.4,95,70,0.8,79,96,,1,7.4,0,73.1,78.1,68.1,0.67,,,,,10.0,
Belgium,11.92,128.85,65.25,4.3,18.4,,,0,,0.1,0.4,69.8,70.3,69.3,21.18,26.7,,98,7.5,5.3,No data,,9.2,8.7,3.6,82,15,2.1,≥80 ,76,94,4,4.6,61,81.5,83.7,79.3,,72,1.2,4.6,8.9,7.8,
Belize,1.71,20.6,10.86,52.1,4.2,6.2,3.1,1.4,64.9,0.6,0.2,63.8,64.7,63.0,7.7,8.8,95,85,27,4.3,0.39,0,15.4,5.1,12.7,88,40,9.3,68,55,,67,17.5,1689,73.3,75.4,71.4,4.02,41,,,,,
Benin,0.05,6.11,2.16,77.2,7.1,14.29,2.95,0.8,36.8,2.9,1.1,55.7,56.6,54.9,0.31,6.3,81,69,51,60.2,<0.1,363.40,20.8,7.0,77.9,,207,28.0,38,42,69,518,24.8,6 385 123,64.0,66.4,61.7,5.44,,,52.6,73.1,,
Bhutan,0.97,20.52,5.53,6.1,4.9,3.98,1.77,0,,0.1,0.1,64.8,64.6,65.0,0.68,18.7,99,99,164,15.7,<0.1,0,15.9,4.4,23.1,97,88,12.7,60,64,99,47,12.2,173 578,74.9,75.9,73.9,5.66,87,,,,,
Bolivia (Plurinational State of),2.29,16.24,12.84,71.0,4.2,5.69,1.19,,50.3,0.1,0.4,57.4,58.8,56.3,2.41,12.4,72,67,105,14.3,0.16,2.51,19.9,3.6,23.1,50,76,12.2,65,46,68,146,17.6,189 894,65.4,68.4,62.9,1.26,67,,,,,23.1
Bosnia and Herzegovina,2.58,67.27,25.84,8.5,9.0,8.18,1.39,0.1,,0.6,1.9,65.0,66.1,63.9,1.38,36.2,100,73,24,1.9,<0.1,,17.2,6.3,6.0,63,115,4.5,66,No data,,6,13.7,0,74.8,77.2,72.6,7.54,5,,26.5,26.8,,
Botswana,0.36,30.18,3.79,48.1,8.4,4.32,1.01,0.3,,0.2,1.1,53.1,53.9,52.3,0.53,18.7,100,95,244,26.8,1.9,0.47,19.0,6.0,39.6,79,140,20.9,55,45,81,155,16.5,685 567,61.2,63.2,59.2,0.85,32,,,,,
Brazil,7.45,55.02,23.57,40.2,7.6,11.81,1.88,2.0,,0.0,0.1,61.8,63.4,60.3,4.14,12.2,98,90,49,6.6,0.24,3.81,14.5,9.4,14.4,64,28,7.6,≥80 ,65,74,67,15.7,3 102 066,72.4,75.8,69.0,0.15,73,,31.6,36.3,,
Brunei Darussalam,2.35,66.17,18.86,8.8,3.0,,,0.3,,0.1,0.0,67.1,67.9,66.3,2.1,16.4,100,99,65,1.7,No data,,14.9,0.7,9.4,99,20,4.9,78,71,,36,3.6,1,76.9,78.6,75.3,,83,,12.2,15.6,,
Bulgaria,11.23,42.04,43.28,36.8,9.5,21.28,3.07,1.5,,0.1,0.7,62.4,64.6,60.4,9.28,39.5,94,92,16,2.9,<0.1,,25.6,11.5,6.1,87,,2.6,73,74,87,6,8.4,119,71.3,75.0,68.0,,6,,,,,
Burkina Faso,0.06,9.49,1.48,92.9,8.5,8.37,1.76,1.2,64.3,1.7,1.6,54.6,55.6,53.5,0.39,14.3,96,94,43,60.9,<0.1,353.49,23.4,7.5,77.3,71,207,24.5,40,37,92,242,27.8,3 644 443,62.3,64.6,59.9,8.09,97,,30.4,91.7,,0
Burundi,0.01,7.94,0.78,58.2,7.7,4.77,0.88,0.7,39.6,1.4,2.3,55.8,56.9,54.8,0.09,11.2,75,89,94,53.3,0.12,245.06,24.8,4.5,49.2,80,209,19.6,41,35,88,392,12.3,3 205 933,64.0,65.9,62.0,6.45,,,,,,0
Cabo Verde,0.15,17.98,7.3,49.6,14.9,,,0.5,,0.3,0.3,63.8,66.1,61.3,0.19,11.0,97,93,47,12.1,0.52,0,17.2,3.8,11.6,86,92,8.3,71,60,,40,16.5,143 054,73.2,77.4,68.8,2.45,93,,,,,
Cambodia,0.31,10.08,2.11,48.0,4.5,17.86,4.92,0.1,59.5,0.2,0.4,60.6,62.0,59.3,0.46,17.2,99,85,335,17.1,<0.1,0.49,22.6,5.4,22.9,64,162,11.8,58,64,82,137,18.8,4 716 388,68.9,71.5,66.4,5.71,91,,81.3,73.5,,
Cameroon,0.12,6.59,1.36,98.0,8.5,,,2.4,44.9,1.8,1.1,54.0,54.6,53.4,0.22,6.5,69,75,150,47.3,No data,258.81,24.3,8.0,67.2,45,210,25.2,44,44,75,258,10.6,11 963 613,61.8,63.7,59.9,4.06,66,,76,96.3,,
Canada,6.53,112.57,28.19,4.5,9.4,3.5,0.8,0.0,,0.3,0.3,69.8,70.6,68.9,11.42,12.0,98,92,5.8,2.3,No data,,9.7,10.0,5.1,79,8,3.4,≥80 ,96,85,12,4.7,3,81.6,83.8,79.4,,86,,21,23.4,,
Central African Republic,0.01,10.97,0.74,184.4,9.2,,,8.0,27.6,3.8,1.4,45.4,47.3,43.8,0.03,,40,42,540,97,No data,305.54,30.8,2.1,92.2,,310,30.7,32,34,40,692,25.9,6 999 367,52.3,55.4,49.6,13.68,,,,,,
Chad,0.01,1.67,0.85,138.5,5.2,9.3,1.4,3.9,17.5,10.8,1.2,51.5,51.9,51.1,0.08,7.4,47,67,139,99.2,0.25,206.54,23.4,3.0,101.1,35,242,31.4,29,36,,748,26.4,8 461 599,59.1,60.7,57.5,5.38,,,,,,
Chile,16.77,54.54,33.34,6.3,7.7,14.6,2.08,0.1,,0.0,0.4,67.7,68.3,67.1,7.27,28.7,100,96,18,2.3,0.18,,9.4,7.9,7.2,70,18,4.6,≥80 ,79,93,10,10.3,7,79.0,81.4,76.7,0,83,,,,,36.4
China,4.51,36.66,31.12,6.1,8.9,24.33,6.94,,,0.2,1.5,68.6,70.1,67.2,3.73,23.4,100,97,52,2.2,No data,,15.9,4.5,6.2,95,93,2.8,≥80 ,94,,16,17.4,18 225,77.6,80.5,75.0,0.06,,,,,,
"China, Hong Kong SAR",,,,1.1,,,,0,,,,,,,,,,,50,,,,,,,,,,,,,,0.0,,,,,,,,45.8,30.1,,
"China, Macao SAR",,,,0.3,,,,0,,,,,,,,,,,51,,,,,,,,,,,,,,0.0,,,,,,,,,,,
Colombia,8.68,15.41,25.35,39.4,5.0,8.19,2.23,2.1,86.6,0.2,0.2,65.0,66.8,63.3,1.84,8.2,98,90,46,3.4,0.25,10.57,10.3,4.3,12.0,84,32,6.5,≥80 ,68,90,59,16.2,3 307 872,74.5,77.6,71.6,0.15,52,,45.2,25.6,,8.3
Comoros,0.38,16.44,4.24,74.4,6.0,,,,17.2,1.2,1.4,59.0,59.1,58.9,0.48,17.2,97,75,35,43.8,<0.01,24.75,20.2,0.4,39.8,79,168,22.5,48,50,,179,29.0,277 694,67.5,68.7,66.3,13.21,,,,,,
Congo,0.02,11.21,1.73,,6.7,,,,,2.6,0.6,54.8,54.4,55.3,0.05,15.4,,78,368,26.4,1.7,214.78,21.2,6.4,40.5,34,173,17.7,41,34,76,241,8.4,1 543 031,63.2,63.8,62.5,4.54,,,,,,0
Cook Islands,3.73,76.92,16.67,31.0,,0.12,0,,,0.1,,,,,,27.0,,86,32,,No data,,,,13.6,77,,7.2,46,70,77,0,17.6,0,,,,0,50,,,,,
Costa Rica,10.89,30.71,26.87,24.8,8.1,7.41,1.13,1.1,80.8,0.0,0.1,67.6,69.1,66.3,12.09,8.9,99,99,9.9,2.9,0.17,0.30,9.9,3.8,10.5,83,18,7.2,≥80 ,66,99,24,15.5,31 336,78.6,81.5,75.9,0.34,66,,,,,
Côte d'Ivoire,0.14,7.93,1.66,,7.4,8.33,0.56,2.0,52,3.4,1.0,55.4,56.4,54.6,0.39,8.8,84,79,119,47,0.35,251.43,22.7,4.5,67.1,43,192,28.2,43,47,79,359,20.6,20 569 107,63.5,66.0,61.4,6.09,73,,,,,
Croatia,9.46,79.99,39.09,6.7,15.7,,,0.0,,0.1,0.3,66.8,68.5,65.1,8.78,37.0,100,93,3.5,2.7,<0.1,,15.9,10.8,4.6,90,31,2.8,≥80 ,75,90,3,8.1,8,76.9,80.0,73.8,,55,,53.8,16.4,23.5,
Cuba,18.42,76.03,95.42,48.6,13.8,,,1.3,86.9,0.0,0.1,64.6,66.0,63.4,,17.4,100,99,7.9,9.7,0.18,,17.6,5.6,8.3,99,41,4.2,≥80 ,90,,35,5.4,124,73.7,76.5,71.1,0.43,,,,,,
Cyprus,8.19,38.94,35.56,7.9,3.0,14.74,1.59,0.0,,0.3,0.3,70.7,71.1,70.3,7.27,35.6,100,95,5.5,1.6,No data,,8.5,5.2,3.5,80,16,1.9,≥80 ,61,74,14,3.9,2,81.9,84.0,79.9,,92,,55.9,40.5,,
Czechia,7.39,95.3,43.52,7.2,13.3,4.64,0.83,0.1,,0.1,0.6,66.7,68.3,65.0,7.18,29.9,100,94,4.8,4.1,<0.1,,14.2,13.7,2.6,90,33,1.3,≥80 ,77,,3,5.2,13,77.1,80.3,74.0,,72,,7.6,14.4,14.8,
Democratic People's Republic of Korea,2.17,43.82,36.28,,9.3,,,,89.6,0.2,1.3,64.7,66.4,63.2,3.91,16.5,100,16,513,4.1,No data,0.31,23.7,4.8,18.0,16,213,9.6,68,59,,67,,5 301 031,72.6,75.6,69.8,0.2,,,,,,
Democratic Republic of the Congo,0.04,11.68,2.08,109.0,8.8,,,3.4,33,3.3,1.3,53.2,54.3,52.2,0.09,12.2,85,60,316,52.3,0.17,313.27,25.1,2.0,73.2,18,212,25.3,42,37,59,427,16.3,56 981 384,61.6,63.9,59.4,6.52,,,88.5,72.5,,
Denmark,7.18,121.86,44.98,1.2,10.5,,,0,,0.7,0.0,70.1,70.4,69.7,5.81,16.2,96,97,3.6,4.1,<0.01,,10.7,10.0,3.4,93,13,1.8,≥80 ,97,97,4,2.3,0,81.2,82.9,79.5,,80,,1.9,7.3,,
Djibouti,,1.94,2.11,,8.0,1.47,0.26,,,0.3,1.5,57.0,57.7,56.3,,,,72,218,37.6,0.29,45.04,20.6,0.4,50.4,64,181,28.2,44,30,72,162,23.3,110 561,64.9,66.7,63.0,14.86,,,,,,
Dominica,1.17,67.6,11.58,,,,,,,0.2,,,,,,,100,56,16,,No data,,,7.0,35.5,87,,30.8,49,71,,36,11.0,419,,,,0.68,65,,,,,
Dominican Republic,2.69,20.6,24.26,77.1,4.2,8.17,0.94,3.6,77.4,0.1,0.3,63.6,65.5,61.8,0.19,10.5,99,90,42,5.8,0.36,0.04,17.4,5.2,31.4,70,42,21.7,77,60,86,124,27.4,2 677 790,73.3,76.8,70.2,0.35,66,,,,,
Ecuador,3,25.11,23.13,49.9,7.6,,,2.4,82.5,0.1,1.0,64.3,66.1,62.8,0.41,10.2,96,70,58,4.7,0.12,0.06,13.2,2.7,13.1,60,28,7.1,77,54,71,55,23.4,28 918,74.0,77.2,71.0,0.52,50,,,,,50
Egypt,1.87,17.94,6.71,37.1,0.6,31.14,6.1,,,0.2,0.2,60.4,61.1,59.7,4.26,24.7,97,96,9.2,4.8,<0.1,0,26.0,0.1,17.5,95,106,9.3,70,90,,17,9.4,2 978 436,69.1,71.7,66.7,0.24,,,69.4,87.5,,
El Salvador,1.57,21.79,16.16,50.2,7.6,4.06,1.38,2.1,73.1,0.0,0.8,62.2,65.5,58.7,1.59,8.9,98,96,84,6.1,0.13,0,12.6,3.4,10.4,71,40,4.4,78,91,99,39,21.5,1 475 552,71.7,76.2,66.8,2.62,36,,,,,
Equatorial Guinea,,13.75,1.53,,7.0,,,,,6.1,0.6,53.3,53.5,52.9,0.08,,,74,274,29.7,No data,228.82,20.3,6.1,70.6,28,168,27.2,46,49,,174,11.7,1 046 007,61.6,63.2,60.2,0.42,,,,,,
Eritrea,0.2,15.43,0.88,,13.2,,,,,1.0,2.1,55.4,57.2,53.7,0.67,,,95,65,66.5,<0.1,63.39,27.3,1.3,35.4,85,238,16.4,45,60,95,291,17.7,807 518,63.6,66.2,60.9,5.62,78,,,,,
Estonia,10.18,66.58,34.69,5.1,14.9,,,0.0,,0.3,1.4,66.7,69.2,64.1,7.13,28.3,99,90,8.2,2.6,<0.1,,15.5,10.5,2.1,84,13,1.0,79,73,,5,4.4,0,77.1,81.2,72.8,,52,,3.1,11.6,,
Eswatini,0.28,42.6,5.57,,27.2,5,1.29,,74.1,0.8,3.0,47.5,49.3,45.8,0.34,9.5,93,85,350,46.5,4.2,1.73,32.3,7.2,45.0,82,173,24.5,56,43,66,118,24.7,250 978,54.6,57.9,51.6,7,59,,36.4,,,
Ethiopia,0.28,12.22,1.43,72.4,6.1,3.48,0.57,0.5,60.6,1.6,1.2,58.8,59.6,58.0,1.47,5.2,50,72,146,40.7,<0.1,109.24,16.8,3.1,46.5,53,146,27.4,35,69,69,195,17.7,63 060 994,67.8,69.7,66.0,3.98,29,,61.8,81,,
Fiji,1.17,38.52,8.13,31.0,8.3,,,0.0,51.3,0.1,0.2,57.7,58.7,56.7,1.03,27.6,100,99,66,10.8,0.4,,37.9,3.5,29.1,83,121,14.9,58,55,99,30,5.3,523 954,65.5,67.7,63.5,10.79,68,,,,,
Finland,9.68,140.13,36.09,3.3,14.6,6.72,0.66,0,,0.8,0.4,69.9,71.0,68.8,20.28,22.3,100,91,3.4,0.8,No data,,9.6,9.5,2.3,92,7,1.3,≥80 ,85,87,8,4.2,0,81.5,84.1,79.0,,70,,1.6,6.7,,
France,6.94,94.22,32.81,3.5,16.6,,,,,0.2,0.3,70.1,71.0,69.1,9.34,34.6,98,96,8.3,3.4,<0.1,,10.2,11.2,4.3,93,10,2.7,≥80 ,88,96,7,4.7,145,81.9,84.7,79.1,,45,,11.2,9.1,,
Gabon,0.18,23.7,5.21,100.1,7.3,3.83,0.72,2.8,37.3,2.1,0.6,56.3,57.4,55.3,0.77,,95,70,505,17.5,0.79,229.32,18.1,7.9,33.2,,77,16.8,49,49,,233,12.5,978 475,65.1,67.9,62.7,6.1,,,,,,
Gambia,0.03,6.58,0.9,64.8,4.8,0.2,0.03,1.1,41.1,1.6,0.8,55.8,56.1,55.6,0.04,10.5,84,84,142,29.5,0.53,87.51,21.8,0.6,44.1,73,224,23.7,46,27,80,354,22.0,490 110,64.2,66.3,62.2,11.09,,,,,,
Georgia,7.74,59.67,56.42,21.8,5.1,31.41,8.86,0.1,51.3,0.1,1.1,62.5,65.3,59.6,0.92,31.8,100,88,55,3.3,0.14,,22.1,15.5,9.2,86,92,5.3,68,60,86,20,12.7,31,71.2,75.6,66.9,1.1,40,,28.3,46.5,,
Germany,8.48,122.49,45.34,5.9,12.9,,,0.1,,0.2,0.4,68.9,69.4,68.4,6.71,21.3,96,91,4.8,3.2,No data,,11.6,11.2,3.7,93,15,2.3,≥80 ,85,82,4,3.3,199,80.5,82.9,78.1,,54,,4.4,9.4,,
Ghana,0.07,41.1,2.66,63.0,5.3,1.33,0.11,2.0,49,2.1,0.9,57.9,58.9,56.9,1.73,3.4,88,95,129,25.2,0.56,193.90,22.2,4.4,37.1,78,191,21.2,48,52,96,234,25.9,9 918 507,66.1,68.6,63.7,6.11,,,67.9,90.4,,12.5
Greece,13.35,41.14,65.76,7.4,4.7,16.89,1.62,0.5,,0.1,0.2,68.6,69.3,67.8,10.82,32.8,100,99,5.2,7.6,<0.1,,12.0,7.0,3.7,83,23,2.3,77,60,96,5,7.3,52,79.6,82.0,77.3,,,,41.1,24,,
Grenada,1.9,45.77,13.83,31.4,1.3,,,1.2,,0.1,1.7,63.2,64.3,62.1,6.52,,100,86,4.9,6.7,No data,,17.1,7.8,18.3,84,48,12.4,70,54,,48,6.4,635,72.8,75.2,70.5,0.29,1,,,,19.1,
Guatemala,2.68,22.73,12.81,57.6,4.9,,,2.0,,0.0,0.8,59.3,61.0,57.6,4,11.9,70,83,33,15.3,<0.1,0.22,14.6,1.7,21.4,77,93,10.0,59,37,87,94,12.6,729 890,68.7,71.9,65.6,1.49,48,,,,,
Guinea,0.03,4.21,2.1,127.6,4.8,1.5,0.03,3.3,37.7,6.1,1.0,53.4,53.5,53.3,0.18,,55,47,175,57.8,0.33,307.78,23.6,0.5,95.0,26,244,30.3,40,55,,494,37.4,8 401 212,61.3,62.5,59.9,5.65,,,,,,12.5
Guinea-Bissau,0.1,9.9,2.52,84.5,7.7,5.05,0.37,1.6,60,2.1,1.0,51.5,52.6,50.3,0.01,8.2,54,74,361,49.4,0.53,104.00,25.3,3.2,69.3,36,234,32.7,37,50,74,505,30.5,919 108,58.6,61.1,56.1,14.85,,,,,,
Guyana,0.68,39.27,13.87,64.9,24.8,,,1.3,46.6,0.4,0.1,56.8,58.7,55.1,0.58,11.1,98,98,64,8.6,0.73,42.66,25.4,5.3,25.7,99,96,15.6,76,37,95,75,15.2,206 893,66.1,69.3,63.0,2.91,40,,,,,
Haiti,0.22,7.32,2.92,54.8,7.8,,,1.3,45.4,1.0,0.5,53.9,53.6,54.3,0.31,8.1,42,51,149,25.9,0.48,2.29,31.6,3.3,55.1,41,210,23.3,54,54,51,328,31.3,4 487 915,62.5,63.2,61.7,5.74,,,,,,
Honduras,7.1,7.35,4.89,97.1,3.0,,,2.5,79,0.0,0.5,60.0,60.5,59.6,,12.3,94,73,31,7.1,<0.1,0.27,17.8,3.1,15.5,74,113,8.8,64,54,73,47,18.5,2 208 913,69.0,70.5,67.4,3.41,61,,,,,
Hungary,7.43,56.65,34.56,16.7,16.5,12.31,0.91,0.2,,0.9,0.5,64.8,66.7,62.9,8.4,32.2,100,99,5.9,2,No data,,21.7,11.3,3.8,99,42,2.1,79,71,99,12,7.4,19,74.4,77.8,70.9,,75,,,,,
Iceland,7.84,158.64,43.73,3.1,11.9,,,0,,0.2,0.0,71.4,71.3,71.4,11.04,9.4,97,92,3.2,2.4,<0.1,,8.5,8.2,2.6,89,8,1.3,≥80 ,78,92,3,2.4,0,82.6,83.9,81.3,,84,,2.8,9.8,35.0,
India,1.59,17.2,7.23,11.3,12.6,17.46,6.67,,74.3,0.2,0.1,58.1,58.3,58.0,8.56,24.3,89,91,195,36.4,<0.1,1.52,23.6,4.5,27.7,90,141,17.3,63,88,83,80,14.6,622 238 663,67.3,69.0,65.8,0.19,,,54.9,77.5,,
Indonesia,1.03,32.4,5.24,36.1,1.2,1.97,0.35,0.3,77,1.3,0.2,60.7,61.5,59.9,1.97,38.2,97,83,387,15.8,<0.1,3.88,21.9,0.1,20.6,62,97,10.5,55,80,31,140,11.3,67 464 958,68.3,70.2,66.4,0.72,29,,35.2,69.7,,
Iran (Islamic Republic of),5.26,28.76,18.11,23.4,4.1,15.36,3.66,0.4,,0.1,0.6,64.0,64.0,64.0,3.36,13.3,99,99,11,2.9,<0.1,2.73,13.9,0.1,11.8,99,58,7.4,74,76,,16,20.6,5512,74.7,76.4,73.1,0.02,,,34.7,70.6,,
Iraq,5.02,26.48,10.22,70.0,3.0,19.57,4.18,1.6,53.8,0.3,0.2,61.0,62.0,60.0,6.19,19.2,96,91,21,4.4,No data,0,22.7,0.6,22.6,83,90,12.9,59,59,14,66,21.5,2 170 486,71.5,73.9,68.9,0.21,,,87.8,85.7,,
Ireland,4.75,147.77,38.75,3.3,8.5,,,0.0,,0.0,0.3,70.0,70.2,69.8,11.05,19.3,100,89,4.6,2.7,<0.1,,9.6,10.5,3.8,,13,2.5,≥80 ,77,83,4,2.8,0,81.6,83.4,79.9,,84,,10.5,10.5,,
Israel,8.97,58.99,37.97,6.2,4.4,12.81,2.61,0,,0.1,0.0,70.8,70.1,72.1,8.64,20.4,100,98,2.8,2,<0.1,,7.6,3.1,3.4,92,15,1.7,≥80 ,86,94,2,4.2,0,81.7,82.1,82.4,,60,,,,,
Italy,8.82,67.55,41.91,2.8,7.0,,,0.0,,0.3,0.3,70.6,71.1,70.0,13.42,22.4,99,95,4.4,3,<0.1,,9.1,8.3,2.8,85,15,1.6,≥80 ,69,92,6,5.0,223,82.2,84.3,80.0,,46,,30.6,26.5,26.6,
Jamaica,0.93,16.17,4.6,34.8,1.7,,,0,78.7,0.6,0.1,61.7,63.0,60.5,4.83,9.7,100,98,3.2,2.3,0.42,,20.2,3.9,19.3,89,36,14.5,74,69,,130,17.8,8182,70.1,72.8,67.6,2.3,8,,,,,
Japan,8.16,129.78,26.49,1.7,17.4,11.1,2,,,1.0,0.2,73.4,74.8,71.9,20.26,19.2,100,98,9.3,8.4,No data,,8.0,6.3,2.4,94,12,0.8,≥80 ,99,97,3,2.7,7,84.5,87.2,81.7,,35,,33.9,20.4,,
Jordan,7.94,33.33,28.51,17.0,0.6,6.36,1.25,,54.2,0.6,0.3,65.1,64.5,65.6,20.3,35.6,100,96,3.4,1.9,<0.01,,11.6,0.3,13.2,89,39,7.6,65,73,,31,13.6,89,75.6,77.0,74.6,5.42,,,76.3,57.2,,
Kazakhstan,2.13,64.9,37.54,17.2,14.6,3.72,0.17,0.0,73.1,0.2,1.4,61.6,63.8,59.2,3.21,22.2,100,99,70,3.2,0.12,,21.2,5.4,9.6,99,82,4.3,≥80 ,73,98,10,12.2,0,70.3,73.9,66.4,0.45,,,,,,
Kenya,0.25,22.73,2.89,45.8,4.6,5.19,1.4,0.6,79.3,0.4,1.5,58.2,59.2,57.3,0.21,10.7,89,93,223,29,0.31,59.53,18.0,2.5,39.9,76,133,21.5,53,57,91,379,28.2,9 778 105,66.8,69.2,64.4,3.75,33,,21.4,63.6,,
Kiribati,0.68,36.28,,50.6,17.5,,,1.8,53.1,1.6,1.7,53.6,55.5,51.8,0.25,39.7,92,90,533,37.4,No data,,44.1,1.0,55.1,47,248,22.4,48,42,91,80,6.2,128 779,60.9,64.0,57.8,43.62,54,,,,,
Kuwait,8.1,45.45,22.73,0.4,2.3,,,0,,0.0,0.4,67.8,68.4,67.5,9,19.9,99,99,9.7,0.8,<0.1,,9.3,0.1,8.8,91,45,4.8,78,97,99,8,9.2,17,79.0,81.8,77.3,,,,59.1,45.5,,
Kyrgyzstan,1.56,40.76,15.68,29.0,6.8,4.91,0.83,0.0,64.6,0.2,0.7,63.4,65.5,61.3,0.25,27.3,100,86,112,2.3,0.11,,18.8,3.9,17.0,93,124,10.8,69,49,91,42,13.3,2 169 854,72.2,75.8,68.5,4.23,46,,,,,0
Lao People's Democratic Republic,0.76,10.27,3.31,89.0,4.6,8.4,4.12,,72.3,0.7,0.3,60.4,61.6,59.3,2.27,27.2,80,84,132,20.5,0.18,0.29,26.5,11.2,39.0,68,196,20.0,52,55,81,112,16.4,2 025 831,68.2,70.5,66.1,6.89,44,,55.9,52.6,,
Latvia,7.08,43.74,33.98,8.7,15.2,21.41,5.7,0.0,,0.3,0.8,63.8,66.7,60.8,8.54,33.9,98,98,16,2.6,0.15,,22.7,14.7,3.0,92,40,1.5,75,68,95,19,9.8,7,73.2,77.9,68.5,,71,,3.8,16.2,2.1,
Lebanon,12.5,19.18,26.8,,0.7,,,,,0.1,0.2,63.2,64.4,62.1,16.3,34.3,,55,10,2.4,<0.1,,11.9,1.6,18.3,53,,11.1,73,70,65,15,9.7,134,74.3,77.5,71.2,17.53,,,52.5,37.2,,
Lesotho,0.37,17.56,2.35,53.2,28.7,,,0.9,82.8,1.2,3.5,44.6,46.4,43.1,1.12,24.3,89,87,664,108.1,3,,36.3,3.8,58.9,82,291,28.7,53,42,87,478,21.6,387 421,51.5,54.6,48.7,5.11,64,,,,,
Liberia,0.02,10.07,1.78,130.8,6.0,6.75,1.13,6.1,47.5,4.7,0.8,54.0,53.4,54.5,0.32,8.2,84,82,308,34.6,0.15,186.80,22.0,2.8,72.9,60,155,29.6,45,48,80,628,15.3,3 762 030,63.5,64.3,62.6,10.82,40,,,,,
Libya,5.8,63.77,20.42,,5.0,,,,,0.4,0.9,62.1,62.5,61.7,4.1,,,73,59,2.2,No data,,19.8,0.0,30.8,72,,5.7,62,38,73,59,34.0,451,72.2,74.2,70.2,2.43,54,,,,,
Lithuania,16.84,78.43,61.04,6.0,22.1,,,0,,0.1,1.2,64.2,67.0,61.4,12.39,31.4,100,90,28,2.6,<0.1,,19.8,12.2,3.4,86,39,1.9,75,87,82,8,6.3,89,74.1,78.6,69.6,,43,,9.4,17,,
Luxembourg,9.74,137.21,29.84,2.8,8.2,4.34,0.22,0,,0.1,0.1,71.2,71.7,70.8,6.97,23.0,,99,7.3,1.9,<0.1,,7.8,10.8,2.3,90,13,1.6,≥80 ,67,96,12,3.9,3,82.8,84.8,80.8,,14,,4.7,10.9,,
Madagascar,0.08,2.81,1.72,143.0,6.1,,,7.1,64.7,2.1,1.4,55.1,55.2,55.1,0.01,26.8,46,65,233,40.1,No data,200.02,25.9,0.9,64.8,47,209,23.8,35,59,73,445,22.5,21 278 009,62.9,64.0,61.9,5.49,,,,,,
Malawi,0.05,5.07,0.54,135.6,7.6,2.91,0.41,2.0,77.3,1.4,1.1,54.7,55.9,53.5,0.06,9.7,96,91,119,30.8,0.61,227.92,24.9,1.7,38.3,65,150,18.8,48,58,91,225,20.2,10 944 581,62.5,65.3,59.7,9.11,27,,,,,
Malaysia,4.06,40.54,23.41,6.0,5.7,1.52,0.13,0,49.6,0.1,0.7,63.9,65.1,63.0,6.26,22.0,100,97,122,14.4,<0.1,0,19.9,0.8,8.1,96,80,4.1,76,87,95,26,13.9,111 680,72.8,75.3,70.6,0.05,0,,,,,
Maldives,1.02,50.17,22.35,8.3,1.5,10.27,4.07,0.1,29.2,0.2,0.1,66.7,66.4,66.8,7.01,26.3,100,99,40,2.3,No data,,9.0,1.6,5.7,99,32,3.9,61,58,,32,1.3,3417,75.4,76.6,74.5,0.99,61,,,,,
Mali,0.01,2.68,1.88,144.8,4.2,1.7,0.12,5.0,41.2,4.6,1.2,53.6,53.1,54.0,0.75,8.0,66,77,48,66.1,0.24,346.22,23.0,3.6,91.3,59,174,32.4,41,46,77,367,20.2,11 060 297,61.7,62.3,61.1,7.24,,,13.6,60.9,,0
Malta,5.11,82.44,45.13,10.1,6.5,15.94,2.75,0,,0.2,0.1,70.7,71.0,70.4,15.26,24.7,100,98,15,4.6,<0.1,,9.8,6.2,5.5,95,21,3.7,≥80 ,69,97,8,1.9,0,81.8,83.7,80.0,,73,,19.9,13.4,,
Marshall Islands,1.59,43.05,,,,,,,,0.4,,,,,,29.8,92,85,692,,No data,,,,28.2,61,,13.0,59,55,62,155,11.9,19 594,,,,29.7,27,,,,,
Mauritania,0.31,16.09,2.61,89.6,2.7,,,6.3,26.9,3.4,0.5,60.4,59.8,61.1,0.2,9.5,70,90,74,37.8,<0.1,38.34,18.7,0.0,37.8,24,130,21.5,40,29,90,381,9.5,946 623,68.9,69.4,68.4,4.84,14,,,,,
Mauritius,3.24,40.48,14.36,20.8,10.5,8.2,1.9,0.4,,0.4,0.8,63.6,65.6,61.8,0.32,20.9,100,96,12,5.5,0.86,,21.7,7.7,15.2,94,31,9.0,66,46,91,66,9.7,6299,73.4,76.9,70.1,9.12,26,,39.4,60.4,,
Mexico,1.18,30.28,25.88,39.9,7.0,4.44,1.22,0.8,83.2,0.0,0.4,61.4,63.5,59.5,,14.9,88,85,29,3.5,0.15,0.02,16.3,6.0,12.5,74,45,7.6,75,79,78,42,12.0,279 519,70.8,74.7,67.2,0.06,62,,,,,
Micronesia (Federated States of),,22.21,9.74,,19.8,,,,,0.4,0.5,57.9,59.6,56.4,,,,79,234,14,No data,,40.5,2.0,23.1,59,255,12.1,48,42,73,129,14.1,36 871,65.7,68.7,63.0,21.35,48,,,,,
Monaco,9.19,,86.09,,,,,,,0.2,,,,,23.36,,,99,0.99,,No data,,,,2.7,80,,1.5,≥80 ,79,,5,0.0,0,,,,,,,,,,
Mongolia,5.41,42.17,41.3,17.0,18.5,14.03,3.46,0.1,63.6,0.5,3.0,61.3,63.9,58.8,11.11,29.5,100,96,491,3.2,<0.1,,26.3,7.7,13.6,96,215,7.4,65,60,96,41,12.4,0,70.1,73.9,66.4,2.79,,,,,0.3,
Montenegro,0.58,60.8,27.83,8.7,11.3,10.27,0.78,0,32.9,0.7,0.3,65.1,66.8,63.5,2.75,32.0,99,81,14,1.8,<0.1,,18.0,8.0,2.6,69,115,1.0,72,55,,6,9.1,0,74.7,77.9,71.6,14.27,19,,,,,
Morocco,1.4,8.69,7.4,21.8,2.9,8.2,0.9,0.0,72,0.2,0.7,62.3,61.8,62.8,2.7,13.0,87,99,92,4.6,<0.1,0,22.0,0.6,16.6,99,66,10.2,69,75,98,70,18.6,2405,72.6,73.7,71.5,1.14,,7.1,23.6,46.1,,
Mozambique,0.11,9.34,1.75,158.0,10.6,3.58,0.97,7.0,52.1,0.6,1.5,49.7,50.8,48.7,0.15,,68,70,361,45.6,2.6,275.20,26.6,1.9,61.7,44,230,25.4,44,53,55,82,20.1,23 744 174,57.7,60.5,54.8,7.83,57,,6.7,64.3,,
Myanmar,0.72,2.05,7.57,,2.9,12.71,3.47,,74.9,1.1,0.9,59.8,61.7,57.9,0.8,44.4,60,76,558,12.9,0.19,17.96,24.0,1.9,38.7,65,178,20.6,52,64,78,185,19.3,19 836 694,67.8,71.1,64.7,2.41,77,,66.7,90.9,,
Namibia,0.78,53.86,5.53,22.4,8.6,1.52,0.32,0.3,,0.4,1.4,52.8,54.6,51.0,2.27,14.1,,83,468,28.8,2.2,8.24,23.1,12.0,40.7,62,143,24.1,63,64,83,139,22.0,387 962,60.4,63.4,57.3,2.52,,,0,18.2,,
Nauru,3.45,73.04,12.73,56.1,,,,,,0.5,,,,,1.82,48.3,98,99,174,,No data,,,3.0,8.9,99,,4.8,60,47,97,273,8.0,12 797,,,,222.11,,,,,,
Nepal,1.64,40.92,10.11,71.2,10.1,10.66,2.1,0.0,55.1,0.2,2.9,60.2,60.7,59.8,2.25,28.3,80,94,229,17.8,<0.1,0,19.4,3.7,26.5,89,180,16.6,54,49,88,142,28.2,14 786 109,70.0,71.8,68.3,3.65,,,83.3,77.1,,
Netherlands (Kingdom of the),5.67,116.65,38.76,2.2,11.5,,,0,,0.1,0.1,70.0,69.9,70.0,2.17,21.3,,92,4.5,3.4,No data,,9.9,8.7,4.0,81,13,2.6,≥80 ,85,88,4,3.4,60,81.1,82.6,79.6,,60,13.8,2.3,7.6,,
New Zealand,5.09,123.04,36.11,11.0,11.9,,,0.1,,0.8,0.2,70.0,70.3,69.6,7.09,12.2,96,88,6.6,2.1,<0.01,,10.3,9.2,4.7,84,12,2.7,≥80 ,85,86,7,6.6,0,82.2,84.0,80.4,,66,,,,,
Nicaragua,0.41,15.69,6.82,71.3,4.2,,,4.7,,0.1,0.1,64.6,66.1,63.1,,,94,89,43,3.5,<0.1,1.42,12.6,3.9,13.4,95,85,8.4,70,62,90,60,13.6,1 892 977,75.0,77.7,72.3,10.98,,,,,7.4,
Niger,0.01,4.21,0.38,150.3,4.5,6.52,0.91,3.0,38.2,3.4,1.6,52.6,52.4,52.8,0.02,7.7,44,85,74,70.3,<0.1,305.14,20.2,0.2,114.8,68,220,33.8,35,55,85,350,24.9,6 194 250,60.0,60.9,59.0,4.95,,,,,,
Nigeria,0.23,16.47,3.8,74.6,5.0,15.79,4.09,1.9,41.9,2.9,1.1,54.9,55.0,54.9,0.82,3.3,51,62,219,71.7,0.34,299.00,17.7,2.3,104.9,38,175,33.7,38,57,60,993,17.2,92 474 258,63.4,64.8,62.1,2.59,27,,65.1,,,
Niue,,111.11,,0,,,,0,,0.4,,,,,,,,99,48,,No data,,,3.3,24.3,99,,12.6,44,71,99,,0.0,0,,,,7.18,100,,,,,
North Macedonia,9.24,55.15,29.44,14.0,5.8,9.73,1.5,0.3,29.6,0.1,1.1,63.7,64.6,62.9,5.95,,100,86,10,1,<0.1,,19.6,5.8,3.3,88,96,1.4,74,62,56,3,5.7,0,73.0,75.2,70.9,1.73,40,,53.8,60,,
Norway,8.79,165.09,49.75,1.4,13.2,,,0,,0.0,0.3,71.2,71.1,71.2,2.81,14.2,99,96,2.9,3.6,No data,,7.8,7.5,2.4,94,8,1.3,≥80 ,95,95,1,1.5,12,82.9,84.3,81.5,,94,,,,,
"occupied Palestinian territory, including east Jerusalem",,,,42.8,0.7,9,1.5,0.0,61,0.1,0.1,62.9,63.8,62.1,,,100,88,0.35,,,,18.3,,26.3,89,,8.7,,,87,16,4.7,,73.5,75.9,71.1,,,,,,,
Oman,3.59,46.61,19.92,5.1,0.9,,,0.0,,0.1,0.0,63.2,63.6,62.7,7.01,8.4,100,99,11,1.6,<0.1,0,14.6,0.7,10.4,99,104,4.7,70,76,99,13,11.0,2246,72.5,74.9,70.9,,,,28.6,78.2,,
Pakistan,1.16,5.2,11.6,41.0,5.6,5.39,1.02,,48.5,0.9,0.1,56.9,56.7,57.1,2,18.9,68,86,277,38.8,No data,17.61,25.5,0.1,58.5,80,195,37.6,45,52,86,155,11.9,27 745 571,66.0,66.9,65.1,1.38,,,67.1,83.5,,
Palau,3.96,66.1,18.08,36.5,,,,,,0.0,,,,,2.81,17.3,99,97,97,,No data,,,,22.3,89,,11.7,65,57,93,89,22.2,4,,,,97.85,25,,,,,
Panama,2.8,33.45,16.25,51.9,3.3,6.2,0.65,2.0,,0.1,0.2,66.7,68.3,65.3,2.18,5.2,93,66,58,4.2,0.35,3.18,10.9,6.3,13.3,73,17,6.6,78,68,69,37,7.3,58 388,77.2,80.3,74.4,0.67,66,,,,,
Papua New Guinea,0.05,5.08,0.61,67.7,1.8,,,1.1,49.2,1.4,0.4,57.5,58.1,57.0,0.08,39.6,56,35,432,24.9,0.65,147.20,28.5,1.3,40.3,41,191,20.5,30,45,29,189,14.9,7 465 549,65.5,66.9,64.2,6.19,,,65.5,,,
Paraguay,13.41,94.09,38.93,72.0,6.4,,,3.2,78.9,0.4,0.2,60.9,62.2,59.7,6.73,10.7,91,71,62,4.6,0.2,,16.1,6.7,17.0,57,56,9.1,72,63,77,58,21.0,2 087 033,70.3,73.2,67.6,0.9,22,,,,,
Peru,2.15,27.38,16.88,29.3,1.5,12.59,2,1.0,67.2,0.1,0.8,63.0,64.5,61.6,1.65,7.1,95,84,173,7.6,0.19,2.19,12.3,6.8,15.8,66,39,7.8,71,40,80,51,12.7,420 150,71.7,74.8,68.8,0.66,74,,49.2,76.7,,69.2
Philippines,2.51,47.88,7.92,27.0,3.5,6.31,1.41,0.5,58.2,0.4,0.2,58.8,60.8,57.1,4.73,20.4,90,89,643,16.9,0.24,0.23,31.9,5.7,26.9,69,205,14.0,58,62,85,84,9.7,49 499 441,66.4,69.9,63.4,1.02,10,,44.4,43.9,,
Poland,10.73,63.25,40.31,6.1,13.7,16.09,1.96,0.0,,0.0,1.2,65.5,68.1,63.1,9.99,23.6,100,94,10,5.4,No data,,17.0,11.9,4.4,86,41,2.4,≥80 ,74,88,2,6.5,66,75.4,79.4,71.6,,,,13.7,18.8,,
Portugal,12.05,80.09,58.51,6.1,11.5,,,0.1,,0.0,0.3,69.5,70.5,68.5,10.17,25.6,97,99,16,6.8,<0.1,,10.5,11.2,3.2,95,10,1.6,≥80 ,85,98,15,7.2,8,81.2,83.9,78.3,,90,,,,,
Puerto Rico,,,,12.3,5.4,,,0.1,,,0.3,68.8,71.0,66.6,,,,,0.71,,,,10.1,,,,,,,,,11,12.5,,79.9,83.5,76.2,,,,,,,
Qatar,7.39,84.89,30.22,4.0,4.7,1.3,0.1,0,,0.1,0.4,66.2,65.0,66.5,12.44,12.5,100,95,35,0.4,<0.1,,12.1,1.3,6.0,99,91,3.7,76,89,97,4,7.3,205,76.7,78.0,76.0,,,,30.1,43.3,,
Republic of Korea,5.41,90.86,26.1,0.4,27.5,11.96,2.87,0.0,74.1,0.1,0.2,72.5,74.1,70.7,8.04,20.0,100,98,38,5.2,No data,0.18,6.9,8.4,2.8,96,19,1.2,≥80 ,99,97,4,6.9,3,83.8,86.7,80.7,,65,,45.7,38.8,,
Republic of Moldova,4.98,63.17,40.16,22.9,14.1,14.15,2.48,0.1,59.5,0.2,4.1,61.2,63.6,58.8,1.06,29.7,100,87,76,3.6,0.3,,24.7,14.1,14.7,93,67,10.8,71,62,85,19,9.1,0,69.6,73.6,65.5,2.43,44,,23.8,71.9,2.2,21.7
Romania,11.4,82.53,36.25,30.8,9.6,13.42,2.19,1.4,,0.3,1.9,63.8,66.2,61.6,11.79,30.0,98,78,55,7.2,<0.1,,21.5,17.1,6.6,62,46,3.3,78,62,78,12,9.6,38,72.8,76.5,69.2,,6,,,,,
Russian Federation,2.79,70.39,51.11,13.4,21.4,7.7,0.9,0.1,,0.6,2.8,60.9,63.6,58.2,0.39,29.2,100,97,38,3.2,No data,,22.4,10.5,4.5,97,80,1.7,79,100,93,9,10.6,1,70.0,74.3,65.6,,,,7.3,64.6,,
Rwanda,0.2,11.06,0.9,24.3,8.7,1.15,0.13,0.1,72.1,0.5,1.3,58.7,59.4,57.9,0.06,14.3,94,94,55,25,0.24,53.64,20.0,6.5,40.0,88,167,18.1,49,55,94,229,11.6,7 905 114,67.5,69.4,65.4,7.1,0,,,48,,
Saint Kitts and Nevis,2.55,65.81,30.85,,,,,,,0.1,,,,,,,100,96,2.5,,No data,,,7.0,16.3,94,,10.3,79,68,,74,23.1,286,,,,,64,,,,,
Saint Lucia,1.76,53.43,42.34,23.9,5.3,6.17,1.77,0.8,,0.2,0.1,61.8,63.6,60.1,4.48,13.8,100,74,1.3,5.8,No data,,15.5,11.4,15.5,83,28,10.0,77,61,,44,8.9,75,71.1,74.5,68.0,16.48,81,,,,,
Saint Vincent and the Grenadines,,47.38,,37.9,0.4,,,1.8,,0.2,0.0,62.9,64.5,61.5,,,99,94,14,5.3,No data,,23.6,6.8,10.6,92,36,5.8,69,56,,56,4.8,759,72.6,75.5,70.0,2.88,,,,,,
Samoa,0.9,30.58,5.61,54.9,12.0,,,0.4,27,0.3,0.3,61.6,61.9,61.3,0.24,22.5,89,83,5.2,8.2,No data,,32.3,2.9,15.7,75,146,6.2,55,47,93,101,9.6,191 219,70.3,71.6,69.1,12.43,87,,,,,
San Marino,7.42,94.36,46.29,1.2,,,,,,0.1,,,,,10.98,,,91,0,,No data,,,,1.4,79,,0.6,77,29,83,8,5.9,0,,,,,52,,,,,
Sao Tome and Principe,0.27,21.65,4.64,86.1,0.9,4.83,1.15,0.4,57.7,1.3,0.3,62.4,62.6,62.3,1.64,7.8,97,86,111,16.7,No data,10.17,19.5,5.7,13.9,90,226,6.8,59,47,86,75,11.7,101 989,71.2,72.8,69.6,16.71,80,,,,,
Saudi Arabia,7.81,65.57,34.06,8.3,0.9,1.31,0.58,,53.6,0.0,0.3,65.6,65.1,65.8,11.07,14.9,100,97,8.4,1.9,<0.1,0,13.6,,6.2,96,91,3.0,74,95,97,7,18.5,15 056,76.4,77.4,75.7,,39,,52,52.8,19.8,
Senegal,0.11,4.24,1.09,67.4,6.8,6.86,1.3,4.3,55.7,0.9,0.8,58.9,59.2,58.6,0.2,6.5,94,83,110,31.7,0.16,66.35,21.4,0.4,38.5,64,146,22.3,50,53,80,237,20.8,4 101 016,67.8,69.5,65.9,4.8,25,,,,,7.7
Serbia,2.47,66.89,30.99,13.9,15.1,8.53,0.58,0.2,38.4,0.0,0.3,63.9,65.4,62.4,1.55,39.5,100,93,14,3.9,<0.1,,20.7,9.0,5.2,91,72,3.2,72,73,82,11,7.4,0,72.8,75.6,70.0,4.45,2,,,,,
Seychelles,3.51,73.2,65.98,49.0,4.3,,,0.7,,0.1,0.3,64.7,65.2,64.3,4.22,20.2,100,97,21,8.4,No data,,15.6,11.4,14.3,89,43,8.5,75,68,97,42,6.6,0,74.0,75.6,72.6,,54,,,,,
Sierra Leone,0.02,11.63,1.34,101.9,6.1,16.4,3.04,3.9,53,2.0,1.2,53.1,53.0,53.2,0.11,12.9,87,91,283,69.5,0.39,293.11,23.9,0.3,94.3,73,242,29.3,41,55,93,354,13.8,7 398 716,61.0,61.9,60.2,7.14,39,,,,,
Singapore,4.61,65.59,28.34,1.9,8.1,,,0.0,,0.1,0.0,73.6,75.0,72.4,6.65,16.4,100,98,42,8.5,<0.1,,10.3,2.0,2.1,92,23,0.9,≥80 ,96,93,6,1.9,9939,83.9,86.3,81.6,,69,,31.2,25.5,,
Slovakia,5.43,60.14,36.97,24.8,9.9,2.65,0.04,0.3,,0.3,0.6,64.9,66.9,63.0,8.47,32.4,97,96,4.3,3.6,<0.1,,16.6,11.0,6.1,95,30,3.0,≥80 ,50,96,4,6.4,10,74.5,78.0,71.1,,10,,,,8.4,
Slovenia,7.43,105.63,33.67,3.3,18.9,3.69,0.31,0,,1.1,0.2,69.4,70.9,67.9,7.34,20.1,,89,4.6,1.9,No data,,11.6,10.9,2.2,89,19,1.3,≥80 ,81,58,3,5.8,16,80.4,83.4,77.5,,45,,,,,
Solomon Islands,0.51,20.01,2.38,49.1,19.6,,,,38,0.9,0.6,57.4,58.5,56.3,0.78,36.9,86,84,55,32.7,No data,237.04,40.6,0.8,20.6,48,282,8.3,47,50,81,123,11.2,722 398,64.8,67.3,62.6,12.33,69,,,,,
Somalia,,,,115.6,8.0,0.13,0,1.2,2.1,6.3,3.2,47.4,48.7,46.2,,,32,42,243,99.2,No data,58.89,27.6,0.0,104.0,13,248,34.9,27,33,,563,20.2,3 780 177,54.0,56.3,51.7,5.68,,,,,,
South Africa,0.19,63.93,7.94,40.1,22.3,,,1.3,79.7,3.1,1.7,52.8,53.8,51.7,2.7,20.7,97,79,427,27.6,2.7,0.84,22.7,7.8,34.7,84,74,11.7,71,63,84,118,24.5,14 069 347,61.5,64.0,58.9,1.22,72,,16.5,30,,
South Sudan,0.03,6.91,0.41,,7.9,11.71,2.71,,,13.0,1.6,50.5,51.4,49.6,0.15,,40,73,227,68.1,0.56,253.16,22.4,0.8,98.7,,144,40.2,34,43,,692,23.3,9 622 332,58.6,60.6,56.5,8.03,,,,,,
Spain,6.03,64.06,42.94,4.6,8.7,7.87,1.12,0.1,,0.1,0.3,71.1,71.8,70.3,12.29,28.4,100,93,5.9,3.2,<0.1,,9.3,11.0,3.1,92,10,1.7,≥80 ,78,92,3,3.5,180,82.7,85.3,80.0,,75,,,,,
Sri Lanka,0.96,22.58,11.36,16.2,14.7,5.44,0.9,0.0,74.3,0.3,0.2,66.7,68.3,65.1,1.09,19.5,100,99,62,4.8,<0.01,0,13.9,2.7,6.1,99,92,4.1,67,66,,18,11.5,94 495,77.2,80.1,74.2,0.96,25,,51.3,58.8,,
Sudan,2.5,10.83,2.5,,3.2,,,,,1.7,1.2,58.5,58.5,58.5,0.24,,,51,50,15.8,0.11,68.07,21.2,0.0,50.1,38,143,24.8,44,55,52,256,19.6,12 159 633,67.6,68.9,66.2,2.26,,,,,,
Suriname,0.7,17.27,13.55,40.4,22.3,4.87,1.35,1.5,57.5,0.1,0.2,60.3,61.7,58.9,0.81,,100,72,29,7.1,0.83,0,18.7,5.9,16.2,52,50,9.9,63,40,,84,16.2,369,69.8,72.7,67.0,12.52,0,,,,,
Sweden,7.74,116.65,44.08,2.0,13.8,,,0.0,86.7,0.1,0.2,71.1,71.2,71.0,7.83,22.7,,94,3.7,3,No data,,7.9,9.6,2.5,92,8,1.4,≥80 ,90,94,4,2.1,48,82.7,84.3,81.0,,88,,1.9,7.3,35.4,
Switzerland,4.06,187.6,44.77,1.4,14.0,7.9,0.32,0,,0.2,0.1,71.1,71.3,70.9,6.61,25.5,,95,5.4,2.5,<0.1,,7.5,9.2,3.9,91,10,2.8,≥80 ,90,89,5,2.4,39,83.3,85.1,81.5,,70,,4.1,9.8,,
Syrian Arab Republic,10.22,17.57,15.21,,0.6,,,,,0.7,0.3,62.3,62.8,61.8,16.31,,,66,17,9.1,<0.01,,21.3,0.1,20.6,64,96,10.0,64,41,,20,29.9,2 971 666,72.4,74.4,70.6,2.74,,,29.4,78.6,,
Tajikistan,1.5,64.53,18.7,39.2,2.4,9.8,1.4,0,52.1,0.2,0.9,63.1,63.6,62.6,2.56,,98,96,79,9,<0.1,0,18.1,0.7,27.3,96,201,12.6,67,60,31,14,13.9,3 375 143,71.8,73.5,70.2,6.17,,,,,3.4,
Thailand,1.13,35.72,5.41,18.0,16.6,2.05,0.33,0.8,87,0.3,0.4,65.8,68.1,63.5,2.24,19.2,100,92,157,11.8,0.13,0.67,14.5,7.6,9.2,87,46,5.2,≥80 ,89,,34,25.4,159 310,75.3,79.0,71.8,0.23,8,,7.5,33.8,,
Timor-Leste,0.02,17.38,7.52,41.9,3.6,,,0,45.9,0.7,0.3,59.5,60.6,58.6,2.08,38.7,69,83,498,20.4,<0.1,0,20.1,0.2,50.0,72,187,22.2,52,51,56,192,12.0,438 316,68.0,69.6,66.5,13.09,,,38.1,50,,
Togo,0.02,4.94,0.8,79.0,9.3,13.68,2.99,3.0,39.6,3.3,1.1,55.8,56.8,55.0,0.28,6.4,69,85,30,42.4,0.26,230.33,25.4,1.2,58.3,58,226,23.1,44,36,85,349,22.7,4 591 039,63.9,66.4,61.5,7.3,46,,,,,
Tonga,1.42,41.99,10.14,30.0,4.7,,,,49.9,0.9,1.3,63.8,64.9,62.7,0.76,31.3,98,99,8.8,7.1,No data,,26.9,0.3,9.9,99,52,4.3,57,54,99,67,8.5,37 131,72.7,75.3,70.2,26.63,30,,,,,
Trinidad and Tobago,2.99,41.08,41.57,,13.3,,,,45.4,0.2,0.1,61.9,63.9,60.0,6.28,,99,96,21,1.6,No data,,20.3,4.8,19.1,91,20,12.9,75,66,94,54,5.0,144,71.7,75.2,68.4,,8,,,,,0
Tunisia,3.68,21.61,13.15,4.2,1.8,16.74,2.36,0,68.7,0.1,0.4,63.6,64.4,62.9,2.42,20.5,98,97,38,3.1,<0.1,,13.0,1.8,12.9,97,56,8.4,67,78,97,36,16.3,3619,74.1,76.8,71.5,1.48,,,13.6,19.8,,
Türkiye,4.87,34.83,22.36,12.2,2.7,4.22,0.67,0.1,60.2,0.1,0.3,65.2,65.9,64.5,4.48,30.5,97,99,13,2.5,No data,,15.4,2.2,12.8,94,45,4.9,76,75,95,15,6.5,2,75.3,78.1,72.5,0.48,,1.4,31.4,52.2,,
Turkmenistan,1.24,34.88,19.3,22.4,6.8,,,0.0,79.6,0.1,0.3,60.8,62.8,58.8,1.39,5.6,100,98,49,5.7,No data,,25.7,3.0,40.0,99,89,22.8,75,81,99,5,8.0,72,69.1,72.5,65.7,0.38,99,,,,,
Tuvalu,0.96,39.42,13.46,35.7,,,,0,46.2,0.2,,,,,1.92,33.7,100,94,296,,No data,,,0.3,19.9,98,,9.0,52,53,98,170,17.9,3120,,,,48.16,84,,,,,
Uganda,0.11,22.65,1.91,111.4,5.5,15.27,3.77,1.1,61.9,1.0,1.1,57.2,58.9,55.5,0.36,7.5,88,91,198,28.1,0.86,258.39,21.5,6.3,38.8,21,165,17.9,49,61,91,170,16.0,21 730 370,66.0,69.0,62.9,6.69,98,,,81.8,,
Ukraine,,60.79,35.31,12.6,21.2,8.32,1.15,0.1,,0.3,2.1,61.6,64.4,58.6,,24.9,,83,112,2.3,No data,,24.8,7.4,8.1,87,78,4.7,76,75,,15,10.5,3,70.9,75.3,66.3,1.81,,,15.3,54.5,8.0,
United Arab Emirates,8.85,61.87,29.92,3.0,1.7,0.37,0.04,0,,0.0,0.2,67.3,66.8,67.4,15.28,9.0,100,96,0.8,0.8,No data,0,11.6,0.8,5.0,94,70,2.5,≥80 ,97,94,3,5.9,72,78.3,80.0,77.2,,39,,39.9,52.4,,
United Kingdom,4.93,95.49,33.01,8.6,9.5,2.36,0.56,0.0,,0.4,0.3,68.6,69.0,68.2,8.97,14.2,,92,7.6,6.1,No data,,11.0,10.9,4.5,85,13,2.7,≥80 ,95,89,8,2.4,3,80.1,81.9,78.3,,68,,8,11.4,,
United Republic of Tanzania,0.12,6.93,1.34,112.3,5.1,4.3,0.82,1.2,54,1.0,1.0,58.1,58.3,57.9,0.35,9.3,85,93,183,30.2,0.85,128.42,18.8,5.6,38.9,78,130,20.6,43,63,92,276,15.8,36 039 903,66.8,68.4,65.2,4.65,91,,59.5,68.7,,0
United States of America,6,133.76,36.81,13.5,15.6,4.61,0.89,0.2,78.4,0.0,0.5,63.9,65.1,62.8,11.13,24.3,99,94,3.1,2.3,No data,,13.7,9.8,6.5,95,14,3.4,≥80 ,84,84,17,14.2,525,76.4,79.1,73.7,,52,,,,,
Uruguay,2.49,73.86,46.74,23.1,24.8,2.11,0.15,0.3,,0.2,0.5,65.0,66.9,63.1,0.65,20.5,100,95,42,4.4,0.24,,17.4,6.2,6.7,90,16,4.1,≥80 ,76,94,15,13.0,50,75.0,78.7,71.2,,41,,,,,
Uzbekistan,1.1,110.83,23.1,37.3,8.3,,,0.0,81,0.2,0.6,63.4,64.0,62.7,0.51,16.7,99,99,57,2.9,<0.1,,24.6,2.1,13.3,99,154,7.6,75,73,99,26,9.3,343 828,72.2,74.1,70.2,1.52,96,,,,,
Vanuatu,0.31,14.59,1.64,,15.7,,,,,2.3,0.5,58.7,60.7,57.0,,,91,72,41,25,No data,17.94,36.8,1.9,16.8,21,261,8.7,47,50,63,100,12.5,113 055,66.3,69.8,63.4,31.09,41,,,,,
Venezuela (Bolivarian Republic of),1.35,20.03,16.64,76.0,8.6,,,2.5,,0.2,0.4,62.0,65.1,59.2,,,99,54,45,5.2,0.27,9.53,18.7,2.3,24.3,40,40,15.0,75,75,0,227,13.2,7 380 372,71.2,75.9,66.9,2.01,,,,,,
Viet Nam,,14.41,11.07,29.0,7.3,8.46,1.73,,72,0.6,0.9,65.4,68.0,62.8,3.37,22.5,98,65,182,6.9,<0.1,0.01,20.1,10.7,20.0,86,66,10.3,68,56,,48,17.7,8 396 566,73.8,78.0,69.7,0.58,,,,,,
Yemen,0.19,5.41,0.98,77.0,4.2,,,,,1.8,1.6,56.5,57.2,55.7,0.53,21.4,61,46,48,15.6,<0.1,38.86,25.8,0.0,39.3,45,190,21.4,42,36,45,118,29.8,9 070 024,65.8,68.6,63.1,2.89,,,93.5,90.4,,
Zambia,0.14,29.36,3.24,134.6,7.1,0.28,0.01,2.9,65.9,1.3,1.2,53.0,53.9,51.9,0.71,14.6,94,80,283,35.8,1.2,176.74,23.6,3.6,44.7,75,176,22.0,56,55,78,85,17.1,8 176 759,61.0,63.1,58.7,7.29,56,,90,76.5,,16.7
Zimbabwe,0.3,30.71,1.36,86.8,17.3,11.82,7.03,,84.8,2.7,3.5,51.2,52.2,50.2,1.18,11.3,86,90,211,36.2,0.98,49.40,31.2,5.4,44.2,77,192,22.4,55,55,90,358,29.9,8 352 700,58.5,60.5,56.2,5.87,24,,,,,
