Country Name,Country Code,2015,2016,2017,2018,2019,2020,2021,2022,2023,2024
Aruba,ABW,27458.2253310273,27441.5296617282,28440.051963759,30082.1276448186,31096.2050738676,22855.9323200761,27200.0610793969,30559.5335346581,33984.7906198041,
,AFE,1479.61525980543,1329.80728479234,1520.21223076132,1538.90167917284,1493.81793829992,1344.10320999294,1522.3933455926,1628.31894446307,1510.74295082335,1567.63583892828
Afghanistan,AFG,565.569730408751,522.082215583898,525.469770891619,491.337221382603,496.6025042585,510.787063366811,356.496214115892,357.261152798144,413.757894705303,
,AFW,1860.72769393488,1630.03944681121,1574.23056047232,1720.14027955102,1798.34068458315,1680.03933212698,1765.9547879785,1796.66863273368,1599.39298291654,1284.15444092323
Angola,AGO,3213.90261080059,1807.95294072643,2437.25971190821,2538.59139143371,2189.85571407618,1449.92286669308,1925.87466082167,2929.69445467272,2309.53413042773,2122.08368991872
Albanie,ALB,3981.72662261867,4168.37544462548,4614.0479692596,5365.48880180298,5460.4305086932,5370.77749956875,6413.28280828537,6846.42669381643,8575.17134637222,10011.6279856667
Andorre,AND,38654.9347203095,40129.8192007698,40672.9943348258,42819.7745797624,41257.8045846483,37361.0900666982,42425.6996756291,42414.0590092117,46812.4484486309,49303.6733899464
Le monde arabe,ARB,6262.04168490023,6012.51244365971,6066.72679100575,6668.2167280195,6638.48541455372,5722.48099531674,6681.70895180141,7931.61789279006,7479.68809103279,7521.15330929761
Émirats arabes unis,ARE,43534.9972694631,41326.4018161569,42340.5917160161,45689.8570049401,44251.4541398817,37173.8754093066,43360.0211001327,49899.0652975197,49040.6947521035,49377.5643384379
Argentine,ARG,13679.6264980954,12699.9623137756,14532.5009308511,11752.7998922979,9955.97478680428,8535.59938004389,10738.0179223384,13935.6811110049,14187.4827252965,13858.2039802008
Arménie,ARM,3512.39350276709,3524.42476874707,3869.05373867752,4196.00562301769,4597.22887399548,4268.68093304583,4685.17997128509,6571.97445545099,8125.27395754003,8500.60522486719
Samoa américaines,ASM,12727.4102651386,12843.3342903627,11863.6839452565,12552.0546868861,12886.1359517218,14489.2586563775,15236.1604875571,18017.4589383973,,
Antigua-et-Barbuda,ATG,16077.6340769406,16556.8551801588,16965.7288273816,18273.4270684912,18896.3721832248,15369.6082250401,17348.6006987182,20105.1989085164,21494.5474000727,23725.7903725506
Australie,AUS,56739.0265346593,49888.0410842736,53901.7145392154,57196.4220783778,54972.7017885437,51791.540179984,60607.7788605166,64997.0136536475,64835.9199754535,64407.484256932
Autriche,AUT,43915.228020857,45061.4993920192,47163.7425775142,51194.0749841299,49885.9947355204,48716.4098900349,53648.7190742245,52176.6649141178,56033.573792065,56833.1960472053
Azerbaïdjan,AZE,5500.50364628486,3880.6852276838,4147.1981423222,4739.7943123408,4805.75371765917,4229.91064904503,5408.04535175023,7770.594223351,7133.02838048328,7283.83562954872
Burundi,BDI,280.966831311923,235.286205393908,236.694472592753,224.89939239264,210.236494521532,210.008139902508,214.091455416133,250.634225368744,192.074305359351,153.930217854023
Belgique,BEL,40893.804537772,41854.5498296444,44035.3239358548,47487.2100392561,46716.6227467964,45906.2875805246,51658.238294958,50822.2518538518,54690.0942734964,55954.6106261018
Bénin,BEN,1002.41886879614,1010.5338961993,1054.97408066814,1151.7409703472,1130.82135339795,1200.19426631122,1318.65158107487,1266.42710981159,1394.17784663045,1485.38018980894
Burkina Faso,BFA,630.124750752312,663.742364842886,709.091535894695,777.465618514048,764.853077774946,825.237038782475,895.535288442991,836.118304593682,882.689810086163,987.321378101867
Bangladesh,BGD,1224.38647668165,1649.28380858601,1811.08221668646,1965.24372731467,2129.79896954606,2248.85078828233,2482.84917843357,2716.48592780431,2551.01773827307,2593.41607390407
Bulgarie,BGR,7268.65445473873,7822.49923292968,8696.68930427924,9872.38507789106,10372.8044341114,10769.9475699414,12972.2173356002,13999.6719197289,15883.8618545581,17412.4115085691
Bahreïn,BHR,23734.0551143019,23800.001440631,24784.7693514607,26324.4066549559,27259.7438599327,24342.8444554718,27147.8083882286,30470.5219276023,29290.1284215098,30048.2177718844
Bahamas,BHS,30719.405417469,30616.5363157284,31875.4881749619,32642.3353203452,33640.3369861278,26178.7537607708,30367.8605757708,34957.1613279737,38231.774484278,39455.4466548546
Bosnie-Herzégovine,BIH,4662.25883724069,4928.5665251728,5345.01985489192,6047.84584261133,6122.3753450882,6130.31133245161,7295.3438240957,7655.59421024383,8663.02322987879,8957.37294188215
Bélarus,BLR,5967.05595058777,5039.77560949445,5785.54491935194,6360.037502312,6837.77339645635,6542.85579976768,7489.71894713888,7994.64806074889,7896.75388295584,8316.64776291533
Belize,BLZ,6154.49593498217,6142.49873185177,6072.58267640581,6031.28139580144,6190.04792278445,5227.19363786168,6122.61158580079,7068.45478269722,7459.99815132837,8429.67959707387
Bermudes,BMU,104855.366822135,108747.356144305,112339.425587467,113204.82210838,115798.040775578,106976.546239632,112765.08167306,121613.939983629,132604.439086216,138934.958846463
Bolivie,BOL,2996.01289811344,3035.87347732132,3306.30301224425,3500.72642189887,3503.89601123129,3099.94219053514,3384.84486462654,3643.92826984604,3686.27996442176,4001.21133990795
Brésil,BRA,8936.19661712113,8836.28652735657,10080.5092819305,9300.66164923219,9029.83326681073,7074.19378337644,7972.5366498646,9281.33334441234,10377.5892792557,10280.3148624429
Barbade,BRB,18954.2913724506,19065.8069800213,19692.7606711615,20055.915870771,20583.7265786414,18347.1109131055,18696.7858952957,22164.0260273876,23804.0249914995,25365.7949424181
Brunéi Darussalam,BRN,30625.128732694,26663.2973199878,28024.3824618568,30988.1190497851,30426.5730284202,26834.3592463839,31006.9636220576,36632.9280421411,32890.5492465722,33417.8357740437
Bhoutan,BTN,2954.04081911097,3152.30905106786,3435.28804735662,3400.20417245342,3576.87987100503,3191.66906999331,3570.61257980872,3711.32767981591,3839.4093039286,
Botswana,BWA,6141.20394726616,6749.05994339013,7104.96401088027,7407.95940141786,7172.08956480028,6323.29749806946,7807.88794500125,8328.70905682185,7826.35376483298,7695.2420641819
République centrafricaine,CAF,366.322853938121,387.176203444318,432.324025684263,455.243962859534,449.228467602439,462.879071294011,492.263142830507,467.359825026238,495.978897288721,516.170424537757
Canada,CAN,43594.1941045394,42314.0615817218,45129.628116623,46539.1761570405,46352.8693445211,43537.839298904,52886.6616372703,56256.8007264015,54220.3285039875,54282.6176051733
Europe centrale et les pays baltes,CEB,12596.9475064791,12874.7406922285,14339.8580613846,16245.193864543,16551.8488917344,16595.9352698049,19239.8185020397,19548.6930479638,22699.5351734821,24543.3040551653
Suisse,CHE,83806.4476003837,82153.0745447889,82254.3770471336,85217.3691512274,84121.9310304414,85897.7843338323,93664.7736696111,94394.5106803525,100631.802755125,103669.872008144
Îles Anglo-Normandes,CHI,61852.0735568957,55950.1482938989,55806.5708942966,60783.3529257544,60568.108347955,56785.9402005039,66912.1753241171,67627.3084478235,74589.1381155014,
Chili,CHL,13433.9202987032,13649.8520452803,14879.9086227187,15659.4808675628,14495.716721687,13114.815470545,16206.8325493421,15405.6165774073,17067.0364799154,16709.8893972307
Chine,CHN,8175.33285077393,8254.86859320357,8979.67652709856,10085.6638148819,10342.9009524335,10627.4637989619,12887.4357242941,12970.6056414327,12951.1782397043,13303.1481543868
Côte d'Ivoire,CIV,1814.71855088017,1862.59597081287,1964.29930338343,2130.86619381144,2141.76836170115,2179.72934832935,2455.98127626488,2333.37128334477,2554.67304885576,2709.89511641252
Cameroun,CMR,1415.00009710569,1441.7201725688,1496.08951771242,1610.69641591017,1555.22660476477,1555.60370660749,1672.32657340872,1604.87726954895,1736.86091073524,1762.3683508844
"Congo, République démocratique du",COD,467.9145805459,442.310472110228,436.584534687385,528.256019777898,557.044161335917,507.521230077872,558.034077296358,642.612267148918,633.395661686298,647.435704836002
"Congo, République du",COG,2439.35189403696,2093.10728558843,2211.63309874797,2694.43413191427,2488.42466724916,1993.586671931,2516.16255145432,2620.83804304713,2477.97845477092,2482.24894743495
Colombie,COL,6248.51490534512,5959.84250367574,6479.53231292429,6816.96818309544,6472.54544924705,5339.68711357943,6222.62164397614,6680.44506854481,7000.83660501046,7913.98801464547
Comores,COM,1329.3704808998,1365.48403353158,1423.92480215551,1540.71132331975,1519.26386326167,1527.16990927956,1587.72988601478,1533.87755332151,1682.20285095721,1784.11546860293
Cabo Verde,CPV,3415.06266730931,3608.96605234906,3893.09571382506,4294.96510035729,4380.78117331128,3539.22661248299,3971.44409203423,4323.31362032709,4861.29184126229,5272.85253011419
Costa Rica,CRI,11714.7105980803,12091.0301606335,12317.0902771322,12590.2493781628,12884.6859951947,12394.0493969354,12838.1185359009,13625.9008491478,16942.0268119304,18587.1532203614
Petits états des Caraïbes,CSS,14402.4725779389,13297.7443496162,13637.1207205804,13815.3265154798,13938.2023201976,11925.7573950011,13833.3099303464,17355.8366579795,17582.2636796878,20173.9564746676
Cuba,CUB,7727.91997207998,8110.55873961397,8610.60829531998,8911.46205964193,9232.26115935183,9605.26125067263,,,,
Curacao,CUW,19361.8130008678,18944.0961493998,18938.2440469703,19119.1243941688,19220.6865793075,16356.0933254541,17979.9982909306,20501.7522782219,21061.741639092,
Îles Caïmans,CYM,76379.2095108681,77802.2541567187,80053.9444506891,83865.5531568184,88254.2903677044,82338.7982853661,86438.445257404,92202.1478031576,97749.5078960846,
Chypre,CYP,23487.228515625,24715.154296875,26696.990234375,29599.986328125,29703.052734375,28649.015625,33734.03515625,33894.44921875,36551.41796875,38654.16796875
République tchèque,CZE,17931.5987670768,18753.9686718096,20913.197632212,23705.9329811299,24062.7190013343,23472.8915454417,27696.4619527544,28282.2236715857,31591.0568216357,31706.6234229743
Allemagne,DEU,41911.0109851054,42961.0356905775,45526.5999576533,48874.8595028454,47623.8656074829,47379.765194548,52265.6541620571,49686.1154582583,53940.4073447462,55800.2194549412
Djibouti,DJI,2376.12554719873,2510.4300076241,2618.95521147369,2718.08338799203,2837.16902340932,2844.88810647853,3025.91126413549,3133.25779772463,3397.52015779588,3496.47111876763
Dominique,DMA,8282.59874702141,8802.56172041363,8224.64896571414,9215.3085405645,9491.14995962374,7827.74842680426,8376.40414141113,9323.66089490562,9912.96212766668,10405.2787777582
Danemark,DNK,53094.0133607574,54500.9260410217,57521.5514992225,61324.7665045565,59404.2663247723,60985.4885601514,69727.9873677012,68091.3191138669,68453.8769281145,71851.7562131368
République dominicaine,DOM,6800.95309395474,7160.44200982307,7412.71571571512,7882.98221584944,8183.01623600375,7135.22273255899,8527.0754858205,10104.2449349081,10630.431743829,10875.6618443092
Algérie,DZA,4685.05902729002,4424.98529027556,4554.66753957828,4577.21029180491,4468.45341883656,3743.5419522929,4160.55926736925,4961.55257664733,5364.02795022731,5631.17999109851
Asie de l’Est et Pacifique (hors revenu élevé),EAP,6589.77384002779,6683.18386893998,7241.92533795167,8045.94448809301,8286.43967532333,8391.36838432689,9974.63640001599,10106.8725194012,10125.7668065643,10396.8255168912
de dividende précoce démographique,EAR,3219.68827173818,3269.98432817621,3505.10621501561,3515.76621670583,3543.32390703605,3250.74974734387,3765.51079786712,4113.00084852322,4313.64804240795,4510.25268168449
Asie de l’Est et Pacifique,EAS,9657.52889618953,9928.67149927477,10526.6771695761,11394.4809001741,11578.2748298091,11595.2940923559,13282.7636699758,13084.2848090909,13117.90954458,13349.0833109152
Europe et Asie centrale (hors revenu élevé),ECA,6282.95418433325,5977.68550933388,6112.70276991575,5952.2500299061,6020.63670154835,5733.41761868436,6623.35137698536,7247.60981221236,8571.4101866164,9668.56270854153
Europe et Asie centrale,ECS,22676.9494565466,22496.7758500912,23780.6167949133,25362.6758114579,24975.4166431436,24121.4791035767,27591.4108786977,27782.8616206223,29835.7180523654,31392.581963732
Équateur,ECU,5976.1596805651,5917.63771271481,6233.32244797718,6303.91886658338,6205.05765246766,5463.64515348598,6061.32350181711,6515.58528418336,6737.84748379638,6874.705739766
"Égypte, République arabe d’",EGY,3306.98159414141,3270.6287768197,2395.10333299491,2484.70315630508,2962.98892023003,3511.11381026379,3827.35415374308,4233.30783744856,3456.78968456253,3338.47371395895
Zone euro,EMU,34467.5766635134,35232.2695661265,37237.5363554552,40096.712205156,39212.5111497975,38234.5335889285,42967.2551656434,41446.4322827569,45068.7010930397,46724.355622795
Érythrée,ERI,,,,,,,,,,
Espagne,ESP,25982.4416197775,26755.6061149398,28381.3425596906,30602.4212881113,29786.5245689007,27233.9426461608,30799.4775937775,30270.2687017458,33509.0127982139,35297.0094995565
Estonie,EST,17722.1557669523,18666.3736521706,20851.5223496861,23618.1361254581,24021.2501413306,23933.9939421065,27953.7670230126,28451.1477825175,30133.304450454,31170.0915091887
Éthiopie,ETH,621.845673808133,696.196084806324,745.632433925343,747.968003672674,828.709080522921,905.313159254148,910.947887074508,1011.07332413462,,
Union européenne,EUU,30769.090644109,31462.4341209885,33391.9679020533,36054.3954466385,35374.6443827131,34698.4032089427,39214.3660784805,37962.8295010744,41392.0743803078,43145.1566930223
Fragile et les situations de conflit touchées,FCS,1815.53207965872,1635.50703091345,1706.44326854085,1823.31230335011,1893.88268968493,1685.09795088858,1757.35640223069,1897.94911362527,1722.02197897444,1571.8004320986
Finlande,FIN,42560.3456767103,43451.2562442158,46085.0174739036,49654.2497035329,48358.1807773701,48828.6846862799,53099.1351400148,50440.560224974,52821.5114340717,53188.6186245158
Fidji,FJI,5097.53106864695,5363.79026679243,5826.84814459328,6085.41979485376,5950.82866866702,4844.42127154524,4696.17103944634,5405.03006162671,5888.73667332429,6288.39867264416
France,FRA,36702.4323733379,37024.2157133669,38687.1626407164,41418.1766484844,40408.2848574751,39169.8606000707,43725.0999521245,41082.8119320747,44690.9345395117,46150.4876861593
Îles Féroé,FRO,52635.0375463609,56875.2803813296,59387.353086482,62526.4908515743,63067.0695697911,62240.822409175,68749.4005557957,66139.3809716876,71774.3522353393,
"Micronésie, États fédérés de",FSM,2911.16211045292,2979.60119184048,3279.10779039285,3566.58690371125,3572.65918282222,3362.02793142215,3508.22356270221,3710.12448453257,3941.37247887414,4166.00476748564
Gabon,GAB,7047.12654634355,6677.07003901644,6921.73373135624,7624.2775233771,7441.1786472281,6605.80346077904,8181.40914134398,8409.20741452279,8071.39777400455,8218.76307061848
Royaume-Uni,GBR,44983.885522934,40988.1044233026,40629.2340347345,43315.4874501318,42794.0022648288,40404.8062238951,46926.475736105,46062.9914079698,49200.8101526146,52636.7865943853
Géorgie,GEO,4086.6223465965,4143.40125686315,4418.75206546679,4804.0546040444,4741.2832715876,4300.85701291207,5083.60695484577,6729.84659930283,8283.66960652261,9193.66366361489
Ghana,GHA,1722.77282833606,1912.47991339951,2012.28662641265,2195.32166016377,2186.65822682613,2195.45481659987,2445.18662529344,2229.89122647803,2383.90410483418,2405.79466378083
Gibraltar,GIB,,,,,,,,,,
Guinée,GIN,747.356966759448,711.996509782316,833.598621691121,933.273615633705,1031.34146480732,1053.66097696415,1244.96550477914,1416.59612011764,1555.49375806861,1717.02318120779
Gambie,GMB,619.536364296461,650.056501323611,642.522641296331,696.219806960615,738.186751987483,720.335143352133,781.890925169531,836.244875582631,888.157407441902,908.525674150965
Guinée-Bissau,GNB,645.066837207039,679.665386626818,783.123186602022,808.531613218504,807.425524872835,836.26731423732,912.484104692847,873.437861875428,964.927554218909,962.983627901892
Guinée équatoriale,GNQ,9068.91003238645,7453.19797948517,7809.10465655488,8102.47084834031,6804.14923073888,5764.05502912947,6945.63069794539,7589.29964909381,6677.793435386,6745.40013244916
Grèce,GRC,17980.7298238137,17919.2426377048,18631.9930129293,19873.4015238771,19335.3602002969,17886.733165236,20654.7001960815,20971.8349258283,23400.7278817691,24752.1068401681
Grenade,GRD,8694.12438005692,9221.23461079424,9751.42661155932,10083.021279225,10462.7929159533,8968.55890108484,9622.24050459345,10535.4588771454,11308.2874249451,11871.6117006031
Groenland,GRL,44536.3549705377,48181.7453541266,50765.7494665372,54545.135857765,53309.2035905065,54812.6661771023,58135.9939910203,55635.0006491223,58498.9743142433,
Guatemala,GTM,3893.50522093509,4060.13754974186,4324.99608157801,4352.94651790253,4511.99755157656,4477.61761796418,4912.62225721201,5358.70127494396,5758.30876298845,6150.02597767851
Guam,GUM,35165.7014644795,35930.6594898711,36779.0078903909,37195.9503070464,39274.9431424899,36482.9363953675,38074.8793745801,41833.1517132825,,
Guyana,GUY,5640.41560569466,5870.87823759835,6178.6650437298,6048.38697180418,6405.82443444562,6775.70939096303,9860.87014834386,17913.4928066879,20473.7002190617,29883.6341152001
Revenu élevé,HIC,36571.192904688,37055.7538854894,38782.9175406853,41079.7872699609,41351.4989053257,40219.1360185556,45211.9410454249,46655.1648590412,48708.4624685822,50443.9276011316
"Chine, RAS de Hong Kong",HKG,42432.1619740441,43734.1980702999,46160.429791493,48537.5668888343,48359.0011950597,46109.2299946609,49770.5642374739,48825.8441873536,50565.4647717265,54107.034521746
Honduras,HND,2271.20265980349,2307.34468351082,2413.0076562942,2464.64241531918,2502.32744328073,2307.61494319511,2735.14751503977,3003.28996826399,3227.45762509776,3426.43483328923
Pays pauvres très endettés (PPTE),HPC,917.999801798178,900.498036025473,939.745532135346,977.345900504428,984.570661558163,968.074022023344,1049.99987506014,1111.39185793698,1140.19606998258,1202.76979412349
Croatie,HRV,12285.3032582105,12821.1738140304,13902.6310485422,15460.4183295843,15563.8167397199,14808.4620188819,17789.9304736722,18466.0955472648,21865.4562838641,23931.4528382746
Haïti,HTI,1411.12684746796,1318.40268167953,1395.23945184461,1496.38048970156,1352.17204191532,1290.32538667383,1835.44394078496,1760.62635668777,1705.75808460999,2142.62330526788
Hongrie,HUN,12782.9412577973,13215.8605277789,14736.1668157258,16605.0570511887,17012.8598553199,16386.9308821258,19030.628130329,18483.6366867035,22312.1790289763,23310.7512733957
BIRD seulement,IBD,5572.51411128581,5560.96329446574,6080.71326559023,6429.48761275569,6517.95432240943,6236.68120499036,7366.1147382175,7745.39306575372,7964.73675347128,8253.92125275536
BIRD et IDA,IBT,4494.44119703311,4467.69831583104,4853.16565473343,5111.82139451166,5169.58132257986,4932.64621363092,5764.25548879941,6043.77728725502,6157.39821498709,6340.63327027503
IDA totale,IDA,1350.62840308024,1316.75105884171,1358.71074719415,1409.89867481954,1434.20463760134,1374.49201596905,1465.04691576142,1551.17381360191,1458.94469071737,1441.90853142035
IDA mélange,IDB,1947.83629776554,1790.52401341516,1804.57402176769,1869.41970744766,1878.13375771486,1735.42504387769,1857.19734593257,1962.52152270807,1729.91982930792,1565.83627113068
Indonésie,IDN,3288.22269725538,3521.46943457574,3798.88326174526,3860.95353090726,4106.94856160358,3853.70288774146,4287.17313995098,4730.83484836107,4876.30774512252,4925.43048751861
IDA seulement,IDX,1023.94411088699,1058.23347491943,1116.07416051941,1160.50418891873,1194.07215693518,1179.86645615956,1254.09572124934,1330.40253875948,1319.43444336952,1387.92937311476
Île de Man,IMN,84753.5187422732,82025.9454509241,83481.3038489014,89393.8244248812,87127.5517977404,79513.5330346598,94299.969348965,88328.548125887,,
Inde,IND,1583.99815907985,1707.50892912243,1950.10468280866,1966.25455171679,2041.42863698585,1907.04251637669,2239.61384367482,2347.44829434623,2530.12031278204,2696.66389984463
Non classifié,INX,,,,,,,,,,
Irlande,IRL,64311.8234684057,64192.9418053178,72198.1076995377,80738.9628834696,81810.1926481407,86622.5067251295,103961.976350649,105234.511567597,103887.800388081,107316.337306921
"Iran, République islamique d’",IRN,4952.73355532178,5477.03712389913,5753.11544659399,4631.78709016514,3831.27894763337,2988.78122414716,4334.79268631354,4405.09291519791,4465.63766853306,4771.40029026226
Iraq,IRQ,4440.14189252367,4334.42096404188,4759.2846435467,5646.68932074742,5671.8568632942,4295.18945121228,4868.49431080783,6520.73154560584,5965.31835077761,6073.61032342708
Islande,ISL,52951.6815110898,61987.9263620283,72010.1490316258,74452.1890731447,68452.23622306,59023.5663465778,69178.4046960961,75121.0152280628,79960.0961535662,82703.8579937471
Israël,ISR,36213.1041481958,37671.5389138798,41138.470964272,42362.6652754196,44250.6313628073,44575.5719045492,52270.9040241956,54949.621556429,52003.7200729997,54176.6844383302
Italie,ITA,30639.8829751432,31391.5692898108,32844.115660604,34904.1081923834,33812.788724868,32091.4866621366,36852.5425414951,35653.9042103495,39065.4244365633,40226.0472416173
Jamaïque,JAM,5062.8955502426,5009.79448724295,5259.31332766957,5578.10347525832,5607.24299266608,4879.44025773374,5165.33782130331,6022.15339791763,6839.72502408181,7019.74634780454
Jordanie,JOR,4042.75678097555,3986.71677010853,4065.61628749384,4145.43989673265,4170.1144003465,4022.0401356135,4183.49998326866,4332.25159897931,4466.08314208575,4618.09592498567
Japon,JPN,34960.6393843385,39375.4731620781,38834.0529341227,39751.1330982711,40415.9567649547,40028.7341726762,40094.5599795288,34065.6438962526,33836.1756271617,32475.8924992191
Kazakhstan,KAZ,10196.1226255982,7475.56688689424,8943.08416791984,9472.48527327758,9457.12614657136,8781.50797787648,9983.60103576902,11255.3396437881,12879.4275257974,14005.3487362345
Kenya,KEN,1489.11959777284,1554.12610314423,1667.48447230835,1836.45275528993,1960.40808854893,1927.66459027849,2061.35622089594,2109.56288513137,1952.30457929636,2206.1349785176
République kirghize,KGZ,1105.65193844261,1103.27489428412,1221.39046807082,1283.5203037417,1421.99927504102,1229.51766602907,1349.99730650542,1739.72018344174,2138.22210211478,2419.26553574523
Cambodge,KHM,1547.32010444393,1675.19555711109,1826.35391688754,2036.67377566578,2225.87705485686,2081.73914242939,2167.40324198499,2325.03050040841,2429.74853452838,2627.8796974226
Kiribati,KIR,1639.85274740652,1742.66799324117,1853.05122713319,1912.73809378187,1750.9977188915,1751.7823197053,2222.04829512346,2069.76720110559,2177.70114080416,2288.63458265531
Saint-Kitts-et-Nevis,KNA,20328.8003530109,21387.5415511103,22464.9899633959,22901.3816403197,23595.4923231291,18859.0190361046,18361.1449697886,20985.0112160159,22600.4502299468,22771.4168922033
"Corée, République de",KOR,28737.4391706499,29280.4403170048,31600.7358741365,33447.1562836166,31902.4169048194,31721.2989141857,35125.5224984723,32394.6833725203,33121.3712885508,
Koweït,KWT,29882.2126867068,27323.6890643847,29047.6535822842,32067.9623689512,31707.8737464917,25236.0755520534,34018.6342879647,39981.7690981957,34075.8490439847,32213.8622292316
Amérique latine et Caraïbes (hors revenu élevé),LAC,8307.33369621788,7975.72164827005,8811.13555430764,8468.20128438484,8266.47471229954,6892.38171560913,7955.36133413771,9093.65274220086,10166.928671097,10344.66889924
République démocratique populaire lao,LAO,2121.01339097363,2303.22156035363,2432.43059478511,2545.1075420815,2589.32081035237,2583.77730696131,2526.05105018529,2046.40440255621,2066.94979776957,2123.97909411797
Liban,LBN,7714.1099998804,8089.012088155,8608.21084982387,9174.53666204759,8905.88005497437,5561.19166950397,4045.37391066234,3654.35845534878,3477.72489842684,
Libéria,LBR,692.590082351257,714.613063145659,699.269095727404,692.203127129794,658.164180770507,616.787867006715,667.96610514319,744.617175237387,799.194470229642,846.277368387389
Libye,LBY,7458.48917756374,7525.80299308216,9965.83236729757,11196.5854810844,9963.19489084483,6650.33810585348,4935.82787349801,5986.63694851258,6172.81246940233,6318.40314031017
Sainte-Lucie,LCA,10334.9860823918,10638.1269396653,11333.1123822102,11642.6984727769,11794.0597229805,8411.07474936367,10459.1321248092,13103.8243147472,13554.7684784933,14181.6303351598
Amérique latine et Caraïbes,LCN,8758.631461288,8460.65543617298,9308.69617088017,9032.03848276062,8830.22782156102,7445.29645309345,8597.53194021339,9716.03266743823,10838.827948659,11044.6796556507
Pays les moins avancés: classement de l’ONU,LDC,970.916596442798,963.946548212228,1030.33002221326,1072.37486063383,1104.18633151052,1088.70490856513,1161.529354921,1273.78979194705,1220.23843928653,1258.9400116614
Faible revenu,LIC,736.645564029793,630.769855946827,635.47544942083,647.163397218355,654.940947912545,607.964753680008,643.369305022958,723.504638939919,697.171191535478,746.934788844338
Liechtenstein,LIE,167187.15730982,165375.491396259,170547.092298954,174988.775083446,166907.839305016,164671.093553454,201944.830335076,186821.881757157,207973.617746758,
Sri Lanka,LKA,4057.7158346231,4149.19190775593,4398.88828068715,4358.56095906047,4081.94772722003,3847.60137695639,3996.96240014909,3342.63650253855,3798.89016573011,4515.56787322732
"Revenu intermédiaire, tranche inférieure",LMC,1843.92245982702,1892.70524039558,2019.49853982875,2078.75738872105,2153.95427108494,2058.43459982702,2302.44736874388,2424.15054696003,2443.40827649123,2517.63261211924
Revenu faible et intermédiaire,LMY,4282.04601624269,4269.77006692862,4607.31736311311,4846.86334479652,4904.42291649615,4698.5175297673,5485.92472057214,5702.28344160279,5819.84086254913,5974.80452228263
Lesotho,LSO,1121.19851342518,992.491840678465,1069.36673247542,1170.65569702819,1082.05706777516,918.582577421982,1066.58643600093,1030.12579628833,916.282970463888,971.814620468788
de dividende tardif démographique,LTE,8325.54664463079,8290.74162992553,9131.37216704566,9959.6655103541,10112.2012892771,9869.54019951006,11755.4245358535,12280.1075352976,12422.7253981593,12843.3344406811
Lituanie,LTU,14269.8039878287,14934.2702840428,16800.1510246099,19247.2315367967,19608.7943945553,20428.6478157394,23870.4594851722,25085.784063499,27786.0057829276,29386.2878350187
Luxembourg,LUX,105462.012584423,106899.293549552,110193.213797228,116926.759593905,112696.649059674,116860.02817236,134965.815442152,123719.658915996,131407.681364513,137516.587324367
Lettonie,LVA,13321.9753140616,13838.5266823272,15132.4958333982,17252.1710428626,17294.9751600969,17564.2321549354,20261.8887788916,20227.2307431581,22675.5786295407,23367.5986788961
"Région administrative spéciale de Macao, Chine",MAC,70070.2918001631,69074.0363049212,77704.9215312666,83761.8171798142,81967.699172769,36976.2561071429,45376.314586156,36909.9564090312,67476.5290813306,73046.8890267079
Saint-Martin (fr),MAF,,,,,19033.0594854512,,21668.3740927942,,,
Maroc,MAR,3146.24780273438,3140.85546875,3296.52661132813,3501.69799804688,3508.09765625,3268.0302734375,3785.93627929688,3455.39624023438,3771.4462890625,3993.38745117188
Monaco,MCO,170437.101188261,173604.753555915,170663.375247872,188298.315668437,193746.785647412,176891.886538492,223823.363960226,226052.001905201,256580.515122745,
Moldova,MDA,2749.55137054338,2847.08794770479,3453.26727720294,4156.44981956646,4405.33418162155,4375.7788930524,5274.60582195352,5744.29618434435,6799.58594644576,7617.51613089815
Madagascar,MDG,445.320069480568,453.970714522463,491.866848718929,500.45718552916,499.818837622534,450.771615201509,483.469463351371,503.514533472879,508.718427705736,544.997302693127
Maldives,MDV,9644.90655028145,9947.80744731739,10509.628805812,11423.2838427029,11740.2724029785,7393.8886543933,10176.143882547,11786.0091545343,12530.3602359683,13215.5353637008
"Moyen-Orient, Afrique du Nord, Afghanistan et Pakistan",MEA,5108.83117786409,5080.74067722357,5232.29631554928,5509.55913785523,5371.48987165166,4707.81986084887,5575.27298626728,6383.39839256713,6063.05247657864,6180.85878446824
Mexique,MEX,10021.2386124039,9097.92397674769,9649.27816772402,10084.7937553679,10369.5553585271,8841.2707511328,10314.0506725979,11402.1410374782,13826.1306570122,14157.9445835849
Îles Marshall,MHL,3764.34426229508,4229.80988911945,4592.83457628576,4858.12079054875,5292.33985502306,5661.96787336674,6258.61193705127,6322.82855503156,6678.34239060448,7466.65186507409
Revenu intermédiaire,MIC,4599.80845420887,4600.22936847744,4973.53707967724,5240.73875711968,5310.45350032975,5096.7359040376,5966.0001578766,6205.5459977675,6347.75391928371,6524.2573581605
Macédoine du Nord,MKD,5262.68671928674,5598.48622617967,5955.2973863451,6713.98925398989,6718.85826635458,6659.59651070776,7620.80296977508,7606.2375253797,8624.28400232117,9310.02790015256
Mali,MLI,838.11986940103,872.468587171653,924.057531692284,996.379292136901,971.949318638092,953.242943290974,1027.27345365357,969.72220560562,1035.86242628411,1086.1762176779
Malte,MLT,25529.6813131565,26459.0772054811,30317.2443357939,33382.2677502638,32421.9179753188,31833.596382464,38065.354346575,36224.2819955817,40182.4313854634,42347.3073860173
Myanmar,MMR,1166.73305546337,1229.19713515893,1272.82241830603,1298.21310320785,1425.98954211903,1490.21683548367,1242.72134419599,1158.05005034332,1233.19666209269,1359.25961394135
Afrique du Nord et Moyen-Orient (hors revenu élevé),MNA,2802.63134980934,2832.83052598,2827.77247042523,2789.82637461637,2674.37046083008,2381.42542469934,2719.53126773593,2975.95566292741,2797.40730719316,2903.59793979158
Monténégro,MNE,6491.19280618646,6999.1358134109,7758.36921956034,8790.88152116679,8842.48528706869,7612.62845881291,9377.48879714989,9990.20444616996,12077.3747094687,12935.4522712126
Mongolie,MNG,3838.92126989984,3619.90026383792,3645.96708669551,4107.64288528468,4347.54610314873,4001.25193077703,4517.61578018785,4993.51487463495,5838.63108083902,6691.48209834228
Mariannes,MNP,17665.1007493109,24225.474169342,31225.6049960968,26509.3628379893,24496.6652122421,18220.8382427201,19455.50139424,23785.754590043,,
Mozambique,MOZ,610.563774706589,441.489734819071,470.93856305196,517.507260258101,519.09255091362,462.433876479921,509.907829475551,578.251663751351,622.985619320596,647.28579950207
Mauritanie,MRT,1554.94897871782,1565.76575722696,1615.00401327323,1722.93528854073,1767.072710621,1795.76459566714,1947.78918383313,1960.35240077424,2120.82318421747,2082.78374423714
Maurice,MUS,9507.87133656424,9965.72531085228,10841.6847754844,11643.4605962124,11403.2527870674,9011.04288445023,9068.97300226707,10223.7882316574,11182.186568616,11871.733679438
Malawi,MWI,539.605363240686,450.506105510719,495.769683367165,533.203173686705,580.889816066776,602.507478176106,617.447520802454,604.269751184515,602.343619809252,508.371273531708
Malaisie,MYS,9648.6797937523,9476.53409809923,9862.54806612235,10901.8019954421,10920.191763972,9957.52626697613,10903.1116425938,11748.0919307944,11379.0851923557,11867.2586435443
Amérique du Nord,NAC,55534.4570291574,56416.7850235092,58555.8897810427,61228.195827322,63306.7999807977,62262.642409838,69412.9137512303,75613.4507146586,79326.9076599571,82406.4788664869
Namibie,NAM,4774.10650865775,4395.68776162376,5143.96072323076,5308.60813408705,4731.9210318831,3878.58982993966,4412.8355693052,4349.79908493314,4187.60500350786,4413.1274418646
Nouvelle-Calédonie,NCL,30858.7237060533,30782.8544433514,32354.7102832901,34902.8968780031,33411.3358835672,33270.330597637,35311.5543551452,33516.363085906,,
Niger,NER,485.662574175279,502.706475406446,521.804130023434,578.568035680892,561.691304349698,579.512495758236,608.722439593808,609.745147661683,638.336080723299,722.748650326257
Nigéria,NGA,2585.73360671797,2070.4127339595,1876.34027111773,2057.87944554011,2265.15520863056,2019.65706326224,2017.27486481527,2139.37478476974,1596.63696129001,806.945695055244
Nicaragua,NIC,2074.45620634731,2131.68704828322,2182.61380995674,2035.16549390507,1958.62051528095,1938.44704754382,2138.38588469449,2322.89053964583,2609.44492072931,2847.53966339498
Pays-Bas,NLD,45793.8135434697,46808.5291492503,49513.6817346384,53955.0770024266,53554.9007491475,53467.9277413737,60141.9880911492,59123.318556487,64572.0059558854,68218.7261019406
Norvège,NOR,74809.9658049898,70867.3609970749,76131.8384032764,82792.8427113304,76430.5889473338,68340.0181033702,93072.8925119571,109269.520580298,87497.3289297342,86809.7246897431
Népal,NPL,875.543635474862,877.256454696737,1034.28374906846,1179.19843190389,1203.14294706401,1154.21517578318,1252.75076731986,1385.91066274851,1382.33055769304,1447.31004458428
Nauru,NRU,7703.43149943923,8724.30700255019,9613.41209082575,11408.6947593898,10776.8284610316,10695.6993301601,14989.6647450751,12896.4341046481,12754.1867566585,13421.8330584638
Nouvelle-Zélande,NZL,38665.3723018158,40113.7195382428,42950.3841711138,43257.0769238879,42779.2298164101,41850.92032802,49689.498134519,48760.0381935936,48654.904227478,48747.0136853042
Pays membres de l'OCDE,OED,35772.5321374449,36235.9988250637,37617.8631046886,39539.1861151287,39718.0136147565,38704.9773091343,43149.6072484462,44046.426245598,46672.5139916762,48454.6975400673
Oman,OMN,18808.3077921839,17110.1897460545,17820.0661809335,19901.7615642016,19180.1864152801,16784.8630630058,19403.4600160211,23223.5829405935,20972.4830886637,20248.4168124608
Autres petits états,OSS,10334.0987006005,10776.87092047,11912.4763555956,12980.3425379993,12871.1657622001,11728.9524519274,13671.456548983,14298.1028214028,15151.4664915358,15867.6733515992
Pakistan,PAK,1380.47020838317,1424.69161195897,1519.23459514248,1569.33814626355,1390.41690981745,1278.39735206896,1455.31922370186,1538.3228133171,1365.16927410976,1484.74985864775
Panama,PAN,14082.6548502728,14832.3611608191,15694.6297454295,16151.3273478476,16477.9066285687,13290.5608347594,15509.8069109784,17332.4360742988,18686.4050961265,19102.8521936399
Pérou,PER,6231.71150338894,6217.03599995447,6736.16693725487,6978.49121548627,7037.00803692604,6133.32552410183,6826.20255614477,7350.63034300417,7887.54185920108,8452.37167047598
Philippines,PHL,2909.85818010301,2985.19564024046,3038.12124959289,3168.51036609727,3400.78949767074,3227.57910235199,3484.38593882819,3548.06930572116,3804.08274131097,3984.8315387656
Palaos,PLW,15690.759707372,16762.5723436534,16034.1342914889,16197.7265072415,15841.1956399595,14556.5872302158,13257.2063206433,14392.2011374514,15899.4246065324,
Papouasie-Nouvelle-Guinée,PNG,2484.5963398603,2316.39479758492,2477.76530986323,2566.36833735041,2575.77274140393,2429.61134585269,2607.57861874444,3102.28968594061,2966.06830432055,3076.48786186584
Pologne,POL,12637.5220324406,12464.0121044827,13913.3415190124,15658.210586693,15874.5220531254,16150.9291009726,18635.5088812509,18891.213529396,22145.2643088909,25022.6716445953
de Pré-dividende démographique,PRE,1508.88772064734,1307.18884005457,1327.75746285089,1439.93370870327,1476.62187329691,1320.70911111119,1412.70908920903,1577.71627123527,1416.33353040951,1290.20000126508
Puerto Rico (US),PRI,29242.041465085,29978.0889268918,30328.4871132804,30679.9181934488,31830.5284993358,31427.1130762831,32619.0704601174,35353.6821570014,36948.4036416846,39285.0174585856
"Corée, République démocratique de",PRK,,,,,,,,,,
Portugal,PRT,19215.7813014347,19980.2808866516,21442.3842768879,23541.1401075289,23343.3628970034,22299.4044062173,24711.4510062111,24620.519556875,27386.2920595024,28844.4979246799
Paraguay,PRY,5879.33792308671,5775.1596339946,6152.26711537703,6258.44991640954,5821.18199548637,5365.47220721191,5976.9317978996,6205.6259537937,6299.99026533643,6416.09709002917
Cisjordanie et Gaza,PSE,3272.15432360708,3527.61382413178,3620.36048715937,3562.33094270256,3656.85827137011,3233.56863835858,3678.63565662194,3799.95527015163,3455.02852911712,2592.30591217647
Petits états insulaires du Pacifique,PSS,3721.79465162999,3853.8127301538,4096.99353767088,4245.78362603826,4170.32120953703,3666.08926363725,3649.53388709298,3888.62868011839,4153.19706628517,4399.41105391407
de Post-dividende démographique,PST,40767.6732069989,41511.1088722467,43134.0864740614,45528.3268108868,45864.970468297,44887.3835189149,50022.0389228787,51102.3562661077,53961.341810452,55865.7865373976
Polynésie française,PYF,19166.9594761931,19690.0775734589,20826.9312492172,21925.616043938,21582.5892046801,19966.4838503859,21982.9038942614,20738.6499971661,22774.1418988734,
Qatar,QAT,68985.2946961507,61253.6375482797,63279.8556949332,71039.8490579352,66841.3013484919,51683.5054376677,71751.8831257169,88701.463352273,80195.8746508549,76275.9076782833
Roumanie,ROU,8977.01748158196,9404.54005870715,10727.9822007426,12502.2624061935,12992.0326104674,13082.3006559554,14986.7854904274,15557.8826247584,18404.2730871704,20072.4079244042
Fédération de Russie,RUS,9277.7138671875,8663.158203125,10658.9130859375,11211.8876953125,11447.701171875,10108.3271484375,12425.029296875,15619.6142578125,14159.3876953125,14889.0185546875
Rwanda,RWA,733.998630392314,729.519134044611,758.300966737624,771.773511057901,810.051412137354,778.701498787411,829.544845639777,975.469323979541,1027.03446804432,999.654561402699
Asie du Sud,SAS,1570.54142462917,1722.90703415144,1956.06707554186,1988.3663331799,2067.05975687637,1957.20343722686,2273.72055798689,2385.08341578414,2532.37560051691,2691.64556264089
Arabie saoudite,SAU,23256.1549553531,22267.7217050387,23929.2907135982,29360.0658968566,29566.7933827436,24338.8307301067,31920.7653655643,38510.2276211037,36156.848337701,35057.2252306969
Soudan,SDN,1292.37963867188,1033.21594238281,966.505676269531,731.027465820313,709.975280761719,577.795227050781,712.122009277344,1046.24084472656,797.283447265625,989.312866210938
Sénégal,SEN,1218.00613555438,1266.43957151587,1356.80518449031,1452.55612562445,1431.18128932159,1461.08720350553,1598.10676952274,1574.0281059306,1698.03387300843,1743.98888384359
Singapour,SGP,55645.6068614606,57005.5887176547,61236.251270627,66881.6067035265,65952.0378959293,61410.0792630788,80056.1288247844,90299.0694637269,85412.230345235,90674.066632628
Îles Salomon,SLB,2045.47889485251,2082.62989047871,2143.57465243959,2278.20633913383,2223.66502559565,2063.33101522108,1996.86976779348,2005.4139933198,2076.10768772563,2149.37957267304
Sierra Leone,SLE,964.575980888989,844.416411175476,779.186007841728,845.914540460932,844.049555179116,845.982914284565,886.192939104469,860.774590932595,757.848680560444,873.388575182318
El Salvador,SLV,3790.34089108162,3901.34014965811,4020.12671373919,4183.54620971358,4320.11671534627,3997.19279583709,4642.60743101342,5074.60210221806,5365.44491399171,5579.65969165029
Saint-Marin,SMR,43146.8240435428,44359.4797662688,45192.0279766943,47950.6880557136,46627.0122356944,44426.6463400658,54168.9828262684,54264.570495898,,
République fédérale de Somalie,SOM,445.583080073396,460.928490585175,510.939952317726,509.525801898508,539.893931565407,518.184778494334,549.114742721701,573.128092472349,597.458854603043,636.983477589273
Serbie,SRB,5820.3215576888,5982.37030126471,6548.03653824187,7559.86165747394,7755.632986437,8098.70955668849,9680.52798074468,10022.9688543402,12281.5058488303,13523.7246826854
Afrique subsaharienne (hors revenu élevé),SSA,1747.88416619556,1536.05359120559,1630.62595897119,1708.80108637029,1705.21463047615,1544.4411207735,1700.42199943914,1772.65535427221,1614.13902501696,1506.22853698028
Soudan du Sud,SSD,1080.14718624765,,,,,,,,,
Afrique subsaharienne,SSF,1635.04422604526,1452.27420076776,1542.24464874276,1612.7355316349,1617.66888069241,1480.47864226138,1621.10097013513,1696.43999286939,1544.75911473464,1441.32038465812
Petits états,SST,10408.6618377241,10444.2724484059,11271.7930201063,12009.7862050813,11958.5107041682,10699.2911713647,12369.0639776112,13598.1107991474,14222.966048012,15291.69576976
Sao Tomé-et-Principe,STP,1298.10946596396,1434.87018050521,1555.79477812888,1825.59971753966,1935.2931816596,2167.22001796925,2362.58827248102,2389.73729784737,2940.93352926715,3244.82899741459
Suriname,SUR,8813.61705392067,5644.2061057532,6049.52128553675,6665.74180472239,6629.66775248603,4755.39221710693,5029.84838543953,6084.43876736445,5494.07409425517,7430.70219176443
République slovaque,SVK,16442.0760860018,16636.0769133073,17645.5298716761,19573.3717031314,19406.0589683582,19735.4858280801,22132.4483028948,21334.6011006572,24673.5482979144,26147.9028430133
Slovénie,SVN,20697.2748530619,21447.8377796036,23303.077705959,25888.0481065655,25814.1687167572,25392.0651093612,29187.369382785,28373.8382265999,32610.110922729,34089.3527652778
Suède,SWE,51197.9529341175,51820.3972482676,53300.8587281785,54181.9069780904,51773.0464558993,52653.7565934247,61174.9680215622,55296.9371472535,55567.0890080496,57723.2345031532
Eswatini,SWZ,3420.75357067279,3239.80707501414,3853.99147918102,3973.46344933667,3913.12643969301,3454.784217446,3966.29863253832,3889.65276959161,3741.69010745416,3936.10969242371
Sint Maarten (Dutch part),SXM,37839.6283815163,37308.6147795736,34701.3058494468,31708.3110124742,34861.469528968,30150.8998380477,32548.4366854902,36476.6300833859,38077.5444869761,40027.9175992113
Seychelles,SYC,15333.1051727105,16566.9946042294,17480.3651911372,18440.2340460932,19141.5118743615,14041.4754074575,14982.9111487767,16836.6721895387,18262.7115849287,17858.8226383978
République arabe syrienne,SYR,847.731631942565,656.3490586313,851.502005254153,1098.0668642357,1109.53926036049,572.355289831901,663.614245706815,1051.67149587463,847.372723418531,
Îles Turques-et-Caïques,TCA,25736.101625461,26946.4178520162,25614.8372710646,31625.616593277,31780.5217068989,20690.9160546118,27329.2885087196,31280.5418020808,35470.2151608295,37506.7798431288
Tchad,TCD,993.990730610869,861.831767630746,854.46120040098,948.656629871231,893.336441643325,866.947814890409,946.358500208374,966.036468278568,989.058528968588,1016.08880662712
Asie de l’Est et Pacifique (BIRD et IDA),TEA,6664.48716537469,6758.74015480622,7323.51023176133,8136.36881824421,8379.40686898285,8485.42025780464,10086.4785164265,10220.360503609,10239.674334039,10513.9755660123
Europe et Asie centrale (BIRD et IDA),TEC,8004.56641973475,7653.97807124132,8560.70709859886,8890.61596620106,9034.43209100317,8456.58174660206,9987.98864443054,11410.4415323006,12106.9240912296,13257.56545104
Togo,TGO,751.052405084336,772.581787093976,792.765487219069,851.130806891807,826.260654099894,853.578220263722,939.613373786407,898.758154410712,985.697512629974,1043.14092889765
Thaïlande,THA,5688.85335397884,5833.57715617098,6413.09182530343,7099.77650081458,7605.69657797759,6985.64393892574,7057.20754802279,6909.35281815827,7195.10130919449,7345.13569000377
Tadjikistan,TJK,956.916310930656,788.710481734485,829.45714764957,834.288404578801,871.022372934846,834.311715460625,896.748053372182,1052.17949484894,1178.47990060249,1341.20229027672
Turkménistan,TKM,5759.497903834,5686.98040962764,5828.4816623489,6125.05169712085,6648.0348960628,6592.60146027748,7051.20211079213,8156.35211950774,8232.65225980002,8571.60702949432
Amérique latine et Caraïbes (BIRD et IDA),TLA,8616.95753415631,8301.80532535391,9163.64829375482,8875.74361403055,8654.9472124286,7240.29672376392,8382.42554035091,9482.77639942335,10593.1164302324,10784.3171528207
Timor-Leste,TLS,1319.59297370991,1335.54390089814,1266.17767952941,1219.46599728983,1562.36458068032,1630.86938521256,2684.82702378987,2343.24523350389,1502.51964514186,1343.14886031844
Afrique du Nord et Moyen-Orient (BIRD et IDA),TMN,2799.45441811562,2828.10049044876,2822.35969144684,2784.50967675137,2667.55895258895,2375.4738441756,2712.78189413176,2970.11428767476,2792.71457545742,2905.83377209255
Tonga,TON,4123.90347238813,3987.98618837043,4365.92929788648,4638.8978542585,4676.84802517145,4700.44940541029,4912.57966349119,4933.07466930785,4863.76384632192,
Asie du Sud (BIRD et IDA),TSA,1570.54142462917,1722.90703415144,1956.06707554186,1988.3663331799,2067.05975687637,1957.20343722686,2273.72055798689,2385.08341578414,2532.37560051691,2691.64556264089
Afrique subsaharienne (BIRD et IDA),TSS,1635.04422604526,1452.27420076776,1542.24464874276,1612.7355316349,1617.66888069241,1480.47864226138,1621.10097013513,1696.43999286939,1544.75911473464,1441.32038465812
Trinité-et-Tobago,TTO,19887.2337359338,17449.1623528186,17578.6417765865,17575.8042838042,17293.4730123427,15358.8612973066,17679.1812561341,20874.37682915,18639.259241294,19314.7163432664
Tunisie,TUN,4014.94773686432,3847.80354448809,3619.03247319953,3628.10366464236,3528.87213306798,3548.65363663803,3906.93926319391,3708.8481241036,3950.3753419816,4350.3717971875
Turquie,TUR,11049.9951100942,10970.0458948862,10695.550196231,9568.83506330228,9215.44049888114,8638.73903848102,9743.21277804855,10674.504157865,13105.6585004778,15473.2872636856
Tuvalu,TUV,3357.83417700071,3808.69755015909,4165.66338700106,4466.12034928245,5115.13075950206,4976.11254109571,5905.08198095343,5911.32727055301,6344.7750188689,
Tanzanie,TZA,939.127319335938,953.0107421875,986.674011230469,1023.10626220703,1063.32250976563,1117.41528320313,1159.85656738281,1207.85302734375,1224.48962402344,1185.74548339844
Ouganda,UGA,862.934610355811,752.696571725656,765.218332297361,792.16570022814,822.171150141651,845.76646385001,882.791717442001,963.067314233497,1002.30913908852,1072.71369837695
Ukraine,UKR,2094.47387695313,2158.46118164063,2604.28759765625,3059.0517578125,3619.86157226563,3709.76928710938,4775.94580078125,4199.6708984375,5139.59814453125,5389.47314453125
"Revenu intermédiaire, tranche supérieure",UMC,7434.5956962152,7404.71205158264,8053.63318157659,8559.82716365995,8647.39963930799,8334.90582376743,9905.05583452615,10310.8668761078,10631.3167441564,10961.8184459945
Uruguay,URY,17125.9016800298,17009.7584207276,19184.6502617082,19249.9404677501,18315.7316980028,15757.5355995779,17881.818721099,20818.6146091144,23019.4221560046,23906.5133029408
États-Unis,USA,56849.4697923159,57976.628204291,60047.7190728307,62875.6661382728,65227.9565911038,64401.5074354212,71307.4017277218,77860.9112908848,82304.6204272866,85809.9003846356
Ouzbékistan,UZB,2803.19018021751,2753.37951427589,2190.60411562888,1813.08530813664,2041.38480729431,1978.28051860763,2258.51964119278,2578.66689394219,2878.96879292451,3161.70010632875
Saint-Vincent-et-les Grenadines,VCT,7353.73556054184,7656.90042881178,7988.04445019298,8428.12677153069,8740.59425232061,8351.20324040982,8641.27904024443,9693.55867833025,10582.3656725229,11501.2265187188
Venezuela,VEN,,,,,,,,,,
Îles Vierges britanniques,VGB,,,,,,,,,,
Îles Vierges (EU),VIR,34007.3529411765,35324.9748874586,35365.0693039774,36663.2087550584,38633.5298915336,39787.3741650202,42571.0777368471,44320.909185774,,
Viet Nam,VNM,2577.56885340113,2735.0604380416,2956.10992127753,3222.31003125366,3440.90025375434,3534.03953482647,3704.1935590038,4147.69777213621,4323.35031982451,4717.29028732449
Vanuatu,VUT,2854.89412272653,2956.12644801489,3159.86055790126,3206.65748718811,3207.44650452083,3042.98711598286,3211.71947349318,3292.34108821237,3515.23633611798,3542.81071592874
Monde,WLD,10175.4094195078,10221.3659804648,10765.2662233504,11326.9339016063,11376.8233409998,10963.1756422364,12418.5659245064,12819.7448379733,13259.7098707258,13663.9924550685
Samoa,WSM,4084.36083819933,4147.07097674888,4307.59381964907,4231.81409469194,4351.94234943706,4099.6600907147,3947.64517905415,3869.46639492144,4330.17840531329,4898.77140817676
Kosovo,XKX,3520.62850699375,3759.44959067104,4009.31799347588,4384.18624084947,4415.99716107514,4310.89065548799,5270.42965289833,5290.94747224687,6221.20365212094,7299.43498083118
"Yémen, Rép. du",YEM,1362.17381205593,975.359417003225,811.165970405745,633.887202450998,,,,,,
Afrique du Sud,ZAF,6112.27382485974,5651.20585165749,6618.33508255701,6914.1780318076,6533.71121032856,5580.60383075189,6843.39941886204,6523.41097815853,6022.54254192335,6253.37158194543
Zambie,ZMB,1295.87788680068,1239.08527877713,1483.46577328065,1463.89997855593,1258.98619844462,951.644316655957,1127.16077872857,1447.12310138035,1330.72780576709,1235.08466482514
Zimbabwe,ZWE,1386.41855927575,1407.42096413212,3448.08699068824,2271.85250365817,1683.91313584141,1730.45391034701,1724.38727102272,2040.54658705395,2156.03409322984,2656.40937654332
