LOCATION_gpw,Pays_code_iso3,Surpoids enfants <5 ans,Dépenses publiques santé,Anémie femmes 15-49 ans,Concentration particules air PM2.5,Aide eau et assainissement,Accès eau potable sûre,Usage combustibles propres,Violences conjugales sur la dernière année,Taux d'homicides,Indicateur nutrition poids/taille,Retard croissance enfants,Accès hygiène de base,Violences conjugales à vie,Déchets domestiques traités,Niveau d'assainissement,LOCATION_sdg3,Médecins pour 10k habitants,Personnel infirmier densité,Personnel de santé total,Grossesse adolescentes 15-19,Taux de suicides,Dépenses santé catastrophiques 10%,Dépenses santé catastrophiques 25%,Grossesse adolescentes 10-14,Couverture planning familial,Prévalence hépatite B,Décès intoxications,Espérance de vie en bonne santé totale,Espérance de vie en bonne santé femmes,Espérance de vie en bonne santé hommes,Pharmaciens pour 10k,Prévalence tabagisme adultes,Accès eau potable,Accès assainissement amélioré,Mortalité maternelle,Décès liés eau/assainissement,Prévalence VIH,Incidence paludisme,Mortalité maladies non transmissibles,Accidents de la route,Mortalité enfants <5 ans,Couverture vaccin rougeole 2,Décès pollution atmosphérique,Taux mortalité brute,Indice couverture santé,Capacité réponse sanitaire,Couverture vaccin pneumocoque,Accès services de santé,Incidence tuberculose,Traitement maladies tropicales,Espérance de vie totale,Espérance de vie femmes,Espérance de vie hommes,Aide santé internationale,Vaccination HPV filles,Traitement troubles alcool,Infections résistantes MRSA,Infections résistantes E.coli,Traitement dépendances drogues,Accès médicaments essentiels,Country Name,Country Code,Indicator Name,Indicator Code,2015,2016,2017,2018,2019,2020,2021,2022,2023,2024
Afghanistan,AFG,4.4,1.13,45.4,75.19,46.1,30.0,38.6,35.0,8.3,3.6,42.0,48.0,46.0,6.1,,Afghanistan,0.06,5.49,3.17,62.0,3.6,26.08,8.03,18.0,42.1,0.4,2.5,50.4,51.3,49.6,0.32,22.7,68.0,60.0,180.0,16.6,<0.1,13.26,32.7,0.0,55.5,42.0,269.0,34.3,41,35,58.0,521.0,24.1,16 959 219,59.1,61.0,57.4,4.81,,,,,,,Afghanistan,AFG,PIB par habitant ($ US courants),NY.GDP.PCAP.CD,565.569730408751,522.082215583898,525.469770891619,491.337221382603,496.6025042585,510.787063366811,356.496214115892,357.261152798144,413.757894705303,
Angola,AGO,4.7,6.7,43.8,32.32,17.4,,50.2,25.0,8.7,4.9,47.7,,38.0,,,Angola,0.07,18.73,2.44,,8.1,35.53,12.48,,29.8,4.6,1.0,53.8,54.7,52.8,0.4,,50.0,54.0,339.0,48.9,0.44,224.53,24.7,4.0,64.0,35.0,148.0,25.6,37,52,49.0,183.0,15.0,8 789 216,62.1,64.3,60.0,1.32,,0.4,,,,,Angola,AGO,PIB par habitant ($ US courants),NY.GDP.PCAP.CD,3213.90261080059,1807.95294072643,2437.25971190821,2538.59139143371,2189.85571407618,1449.92286669308,1925.87466082167,2929.69445467272,2309.53413042773,2122.08368991872
Albania,ALB,16.7,9.19,24.7,16.58,43.7,71.0,86.1,6.0,3.4,1.6,7.4,,13.0,12.7,56.0,Albania,10.27,58.21,18.79,9.8,2.8,8.85,1.41,0.2,6.3,0.3,0.2,66.7,67.8,65.7,10.8,21.9,100.0,97.0,15.0,3.2,<0.1,,10.0,5.0,9.4,93.0,92.0,6.9,64,88,85.0,7.0,10.8,3,76.4,78.6,74.4,3.4,74.0,,,,,,Albanie,ALB,PIB par habitant ($ US courants),NY.GDP.PCAP.CD,3981.72662261867,4168.37544462548,4614.0479692596,5365.48880180298,5460.4305086932,5370.77749956875,6413.28280828537,6846.42669381643,8575.17134637222,10011.6279856667
Andorra,AND,,15.87,16.4,8.88,,91.0,100.0,,,,,,,100.0,100.0,Andorra,12.11,47.22,50.68,0.5,,,,0.0,,0.0,,,,,9.77,36.3,100.0,98.0,5.7,,No data,,,11.1,2.6,96.0,,1.3,79,50,94.0,11.0,2.5,0,,,,,85.0,,,,,,Andorre,AND,PIB par habitant ($ US courants),NY.GDP.PCAP.CD,38654.9347203095,40129.8192007698,40672.9943348258,42819.7745797624,41257.8045846483,37361.0900666982,42425.6996756291,42414.0590092117,46812.4484486309,49303.6733899464
United Arab Emirates,ARE,,12.07,28.2,39.03,,,100.0,,0.7,,,,,95.0,98.0,United Arab Emirates,8.85,61.87,29.92,3.0,1.7,0.37,0.04,0.0,,0.0,0.2,67.3,66.8,67.4,15.28,9.0,100.0,96.0,0.8,0.8,No data,0.0,11.6,0.8,5.0,94.0,70.0,2.5,≥80 ,97,94.0,3.0,5.9,72,78.3,80.0,77.2,,39.0,,39.9,52.4,,,Émirats arabes unis,ARE,PIB par habitant ($ US courants),NY.GDP.PCAP.CD,43534.9972694631,41326.4018161569,42340.5917160161,45689.8570049401,44251.4541398817,37173.8754093066,43360.0211001327,49899.0652975197,49040.6947521035,49377.5643384379
Argentina,ARG,14.3,15.22,23.5,11.23,57.9,,99.9,5.0,5.9,1.7,10.7,,27.0,23.6,,Argentina,10.86,47.49,51.06,25.8,7.9,9.57,2.54,0.0,80.3,0.0,0.3,64.8,66.2,63.4,5.8,23.8,99.0,66.0,35.0,11.4,<0.1,0.0,13.4,8.8,9.6,54.0,30.0,5.0,79,59,71.0,33.0,8.8,147 183,74.6,77.6,71.6,0.29,36.0,,32.8,22.5,,,Argentine,ARG,PIB par habitant ($ US courants),NY.GDP.PCAP.CD,13679.6264980954,12699.9623137756,14532.5009308511,11752.7998922979,9955.97478680428,8535.59938004389,10738.0179223384,13935.6811110049,14187.4827252965,13858.2039802008
Armenia,ARM,12.9,6.5,18.7,36.24,23.4,82.0,98.8,5.0,4.1,4.4,6.2,94.0,10.0,0.6,11.0,Armenia,3.59,47.47,33.6,11.4,2.5,19.89,5.93,0.0,40.2,0.1,0.9,64.0,66.3,61.5,0.39,24.9,100.0,94.0,25.0,5.8,0.19,0.0,20.6,4.3,10.0,96.0,74.0,5.3,68,59,94.0,19.0,13.6,30,73.0,76.9,68.6,2.24,41.0,,,,,,Arménie,ARM,PIB par habitant ($ US courants),NY.GDP.PCAP.CD,3512.39350276709,3524.42476874707,3869.05373867752,4196.00562301769,4597.22887399548,4268.68093304583,4685.17997128509,6571.97445545099,8125.27395754003,8500.60522486719
Antigua and Barbuda,ATG,,13.99,20.3,8.42,,,100.0,,5.8,,,,,,,Antigua and Barbuda,,96.5,29.17,32.7,1.5,,,0.3,,0.2,0.5,66.5,67.0,65.9,,,99.0,97.0,1.2,2.5,No data,,12.1,9.4,9.3,87.0,19.0,5.4,76,57,,35.0,7.5,254,76.9,78.4,75.2,0.0,1.0,,,,,,Antigua-et-Barbuda,ATG,PIB par habitant ($ US courants),NY.GDP.PCAP.CD,16077.6340769406,16556.8551801588,16965.7288273816,18273.4270684912,18896.3721832248,15369.6082250401,17348.6006987182,20105.1989085164,21494.5474000727,23725.7903725506
Australia,AUS,26.4,20.22,11.1,9.12,,,100.0,3.0,0.9,,3.1,,23.0,95.8,96.0,Australia,6.41,134.5,40.86,6.7,13.1,2.47,0.4,0.1,,0.1,0.1,70.6,71.1,70.1,9.37,13.1,99.0,94.0,6.2,1.9,No data,,8.3,11.2,3.7,93.0,10.0,2.3,≥80 ,91,95.0,2.0,4.5,10 441,83.1,84.9,81.3,,71.0,,15.0,12.7,,,Australie,AUS,PIB par habitant ($ US courants),NY.GDP.PCAP.CD,56739.0265346593,49888.0410842736,53901.7145392154,57196.4220783778,54972.7017885437,51791.540179984,60607.7788605166,64997.0136536475,64835.9199754535,64407.484256932
Austria,AUT,,16.32,16.7,12.42,,99.0,100.0,4.0,0.5,,,,15.0,95.8,100.0,Austria,6.19,112.8,55.15,3.9,14.5,,,0.0,,0.2,0.2,69.8,70.5,69.1,7.62,24.9,98.0,84.0,5.2,2.0,No data,,9.9,11.8,3.1,94.0,17.0,2.0,≥80 ,67,,6.0,4.6,54,81.0,83.3,78.7,,53.0,,3.9,8.1,,,Autriche,AUT,PIB par habitant ($ US courants),NY.GDP.PCAP.CD,43915.228020857,45061.4993920192,47163.7425775142,51194.0749841299,49885.9947355204,48716.4098900349,53648.7190742245,52176.6649141178,56033.573792065,56833.1960472053
Azerbaijan,AZE,4.2,4.61,35.6,26.18,1.8,72.0,98.9,5.0,2.5,3.5,6.8,,14.0,37.4,,Azerbaijan,3.38,55.78,31.85,37.3,1.6,,,0.0,,0.1,0.4,64.0,65.0,63.0,0.62,19.6,100.0,83.0,72.0,3.6,<0.1,,17.4,2.3,18.6,93.0,122.0,12.8,66,67,82.0,18.0,17.2,0,72.9,75.2,70.5,0.44,,,,,,,Azerbaïdjan,AZE,PIB par habitant ($ US courants),NY.GDP.PCAP.CD,5500.50364628486,3880.6852276838,4147.1981423222,4739.7943123408,4805.75371765917,4229.91064904503,5408.04535175023,7770.594223351,7133.02838048328,7283.83562954872
Burundi,BDI,2.4,4.73,39.0,28.38,57.6,,0.1,22.0,6.5,7.8,55.3,6.0,40.0,,,Burundi,0.01,7.94,0.78,58.2,7.7,4.77,0.88,0.7,39.6,1.4,2.3,55.8,56.9,54.8,0.09,11.2,75.0,89.0,94.0,53.3,0.12,245.06,24.8,4.5,49.2,80.0,209.0,19.6,41,35,88.0,392.0,12.3,3 205 933,64.0,65.9,62.0,6.45,,,,,,0.0,Burundi,BDI,PIB par habitant ($ US courants),NY.GDP.PCAP.CD,280.966831311923,235.286205393908,236.694472592753,224.89939239264,210.236494521532,210.008139902508,214.091455416133,250.634225368744,192.074305359351,153.930217854023
Belgium,BEL,4.9,15.19,15.0,11.57,,100.0,100.0,5.0,1.2,0.8,2.6,,22.0,85.4,95.0,Belgium,11.92,128.85,65.25,4.3,18.4,,,0.0,,0.1,0.4,69.8,70.3,69.3,21.18,26.7,,98.0,7.5,5.3,No data,,9.2,8.7,3.6,82.0,15.0,2.1,≥80 ,76,94.0,4.0,4.6,61,81.5,83.7,79.3,,72.0,1.2,4.6,8.9,7.8,,Belgique,BEL,PIB par habitant ($ US courants),NY.GDP.PCAP.CD,40893.804537772,41854.5498296444,44035.3239358548,47487.2100392561,46716.6227467964,45906.2875805246,51658.238294958,50822.2518538518,54690.0942734964,55954.6106261018
Benin,BEN,3.7,2.6,50.0,31.78,66.4,,6.0,15.0,5.8,8.3,33.2,12.0,26.0,6.7,3.0,Benin,0.05,6.11,2.16,77.2,7.1,14.29,2.95,0.8,36.8,2.9,1.1,55.7,56.6,54.9,0.31,6.3,81.0,69.0,51.0,60.2,<0.1,363.4,20.8,7.0,77.9,,207.0,28.0,38,42,69.0,518.0,24.8,6 385 123,64.0,66.4,61.7,5.44,,,52.6,73.1,,,Bénin,BEN,PIB par habitant ($ US courants),NY.GDP.PCAP.CD,1002.41886879614,1010.5338961993,1054.97408066814,1151.7409703472,1130.82135339795,1200.19426631122,1318.65158107487,1266.42710981159,1394.17784663045,1485.38018980894
Burkina Faso,BFA,2.8,8.4,44.3,46.04,68.1,,17.0,11.0,9.3,9.3,19.5,9.0,19.0,2.1,10.0,Burkina Faso,0.06,9.49,1.48,92.9,8.5,8.37,1.76,1.2,64.3,1.7,1.6,54.6,55.6,53.5,0.39,14.3,96.0,94.0,43.0,60.9,<0.1,353.49,23.4,7.5,77.3,71.0,207.0,24.5,40,37,92.0,242.0,27.8,3 644 443,62.3,64.6,59.9,8.09,97.0,,30.4,91.7,,0.0,Burkina Faso,BFA,PIB par habitant ($ US courants),NY.GDP.PCAP.CD,630.124750752312,663.742364842886,709.091535894695,777.465618514048,764.853077774946,825.237038782475,895.535288442991,836.118304593682,882.689810086163,987.321378101867
Bangladesh,BGD,1.6,1.19,37.6,46.85,302.0,59.0,28.4,23.0,2.9,10.7,25.1,62.0,50.0,16.3,31.0,Bangladesh,0.76,6.64,7.22,71.2,2.8,24.42,8.45,0.0,73.9,0.5,0.1,63.1,63.0,63.1,1.1,32.9,70.0,98.0,221.0,18.2,<0.01,1.1,18.1,0.0,30.6,93.0,144.0,17.9,52,69,99.0,115.0,18.6,57 177 911,73.1,74.6,71.6,1.76,21.0,,88.5,90.0,,,Bangladesh,BGD,PIB par habitant ($ US courants),NY.GDP.PCAP.CD,1224.38647668165,1649.28380858601,1811.08221668646,1965.24372731467,2129.79896954606,2248.85078828233,2482.84917843357,2716.48592780431,2551.01773827307,2593.41607390407
Bulgaria,BGR,5.5,11.59,25.8,18.56,,96.0,0.0,6.0,1.1,,5.5,,19.0,74.6,73.0,Bulgaria,11.23,42.04,43.28,36.8,9.5,21.28,3.07,1.5,,0.1,0.7,62.4,64.6,60.4,9.28,39.5,94.0,92.0,16.0,2.9,<0.1,,25.6,11.5,6.1,87.0,,2.6,73,74,87.0,6.0,8.4,119,71.3,75.0,68.0,,6.0,,,,,,Bulgarie,BGR,PIB par habitant ($ US courants),NY.GDP.PCAP.CD,7268.65445473873,7822.49923292968,8696.68930427924,9872.38507789106,10372.8044341114,10769.9475699414,12972.2173356002,13999.6719197289,15883.8618545581,17412.4115085691
Bahrain,BHR,,8.64,38.4,51.84,,99.0,100.0,,0.3,,4.6,100.0,,94.1,92.0,Bahrain,0.8,26.48,7.41,7.2,4.7,4.88,1.4,,,0.0,0.2,64.2,63.0,64.8,1.65,15.0,98.0,99.0,12.0,0.8,No data,,14.8,1.7,8.6,99.0,68.0,4.4,76,92,98.0,17.0,8.1,0,74.4,75.1,73.8,,,,42.1,63.0,,,Bahreïn,BHR,PIB par habitant ($ US courants),NY.GDP.PCAP.CD,23734.0551143019,23800.001440631,24784.7693514607,26324.4066549559,27259.7438599327,24342.8444554718,27147.8083882286,30470.5219276023,29290.1284215098,30048.2177718844
Bahamas,BHS,,15.77,18.8,5.2,,,100.0,,44.6,,,,,,,Bahamas,2.54,42.24,18.95,,3.3,,,,,0.2,0.2,61.5,63.2,59.8,,11.3,99.0,87.0,7.8,2.6,0.16,,20.4,6.9,12.7,53.0,10.0,9.2,77,60,81.0,76.0,16.2,243,70.4,73.5,67.3,,9.0,,,,,,Bahamas,BHS,PIB par habitant ($ US courants),NY.GDP.PCAP.CD,30719.405417469,30616.5363157284,31875.4881749619,32642.3353203452,33640.3369861278,26178.7537607708,30367.8605757708,34957.1613279737,38231.774484278,39455.4466548546
Bosnia and Herzegovina,BIH,13.0,14.79,26.0,29.67,21.9,87.0,39.5,3.0,1.4,,7.9,,12.0,65.3,,Bosnia and Herzegovina,2.58,67.27,25.84,8.5,9.0,8.18,1.39,0.1,,0.6,1.9,65.0,66.1,63.9,1.38,36.2,100.0,73.0,24.0,1.9,<0.1,,17.2,6.3,6.0,63.0,115.0,4.5,66,No data,,6.0,13.7,0,74.8,77.2,72.6,7.54,5.0,,26.5,26.8,,,Bosnie-Herzégovine,BIH,PIB par habitant ($ US courants),NY.GDP.PCAP.CD,4662.25883724069,4928.5665251728,5345.01985489192,6047.84584261133,6122.3753450882,6130.31133245161,7295.3438240957,7655.59421024383,8663.02322987879,8957.37294188215
Belarus,BLR,3.4,12.28,22.1,17.19,0.1,93.0,99.7,6.0,2.2,1.3,1.1,,21.0,83.3,75.0,Belarus,6.09,108.15,47.17,11.6,15.6,16.54,1.16,0.0,66.0,0.3,1.6,63.7,66.8,60.5,4.5,30.1,100.0,98.0,27.0,1.6,<0.1,,23.8,11.4,2.4,95.0,70.0,0.8,79,96,,1.0,7.4,0,73.1,78.1,68.1,0.67,,,,,10.0,,Bélarus,BLR,PIB par habitant ($ US courants),NY.GDP.PCAP.CD,5967.05595058777,5039.77560949445,5785.54491935194,6360.037502312,6837.77339645635,6542.85579976768,7489.71894713888,7994.64806074889,7896.75388295584,8316.64776291533
Belize,BLZ,5.6,11.48,21.3,10.44,0.3,,82.9,8.0,38.3,1.8,11.7,90.0,24.0,,,Belize,1.71,20.6,10.86,52.1,4.2,6.2,3.1,1.4,64.9,0.6,0.2,63.8,64.7,63.0,7.7,8.8,95.0,85.0,27.0,4.3,0.39,0.0,15.4,5.1,12.7,88.0,40.0,9.3,68,55,,67.0,17.5,1689,73.3,75.4,71.4,4.02,41.0,,,,,,Belize,BLZ,PIB par habitant ($ US courants),NY.GDP.PCAP.CD,6154.49593498217,6142.49873185177,6072.58267640581,6031.28139580144,6190.04792278445,5227.19363786168,6122.61158580079,7068.45478269722,7459.99815132837,8429.67959707387
Bolivia,BOL,9.9,16.35,24.9,26.89,169.8,,90.6,18.0,10.7,2.0,10.7,27.0,42.0,,,Bolivia,2.29,16.24,12.84,71.0,4.2,5.69,1.19,,50.3,0.1,0.4,57.4,58.8,56.3,2.41,12.4,72.0,67.0,105.0,14.3,0.16,2.51,19.9,3.6,23.1,50.0,76.0,12.2,65,46,68.0,146.0,17.6,189 894,65.4,68.4,62.9,1.26,67.0,,,,,23.1,Bolivie,BOL,PIB par habitant ($ US courants),NY.GDP.PCAP.CD,2996.01289811344,3035.87347732132,3306.30301224425,3500.72642189887,3503.89601123129,3099.94219053514,3384.84486462654,3643.92826984604,3686.27996442176,4001.21133990795
Brazil,BRA,10.9,9.0,21.3,11.26,152.8,87.0,96.5,6.0,32.3,3.4,8.9,,23.0,,50.0,Brazil,7.45,55.02,23.57,40.2,7.6,11.81,1.88,2.0,,0.0,0.1,61.8,63.4,60.3,4.14,12.2,98.0,90.0,49.0,6.6,0.24,3.81,14.5,9.4,14.4,64.0,28.0,7.6,≥80 ,65,74.0,67.0,15.7,3 102 066,72.4,75.8,69.0,0.15,73.0,,31.6,36.3,,,Brésil,BRA,PIB par habitant ($ US courants),NY.GDP.PCAP.CD,8936.19661712113,8836.28652735657,10080.5092819305,9300.66164923219,9029.83326681073,7074.19378337644,7972.5366498646,9281.33334441234,10377.5892792557,10280.3148624429
Barbados,BRB,13.0,8.74,20.1,9.83,,,100.0,,12.7,,5.8,,,,,Barbados,3.14,36.66,29.58,,3.5,16.37,3.82,,,0.2,0.1,66.7,67.1,66.2,11.41,7.0,98.0,85.0,0.81,7.7,0.14,,14.0,9.5,10.0,76.0,19.0,6.9,77,67,86.0,35.0,10.0,771,76.8,78.4,75.1,0.0,50.0,0.3,,,,,Barbade,BRB,PIB par habitant ($ US courants),NY.GDP.PCAP.CD,18954.2913724506,19065.8069800213,19692.7606711615,20055.915870771,20583.7265786414,18347.1109131055,18696.7858952957,22164.0260273876,23804.0249914995,25365.7949424181
Brunei Darussalam,BRN,9.5,6.36,18.3,6.76,,,100.0,,0.8,,9.9,,,,,Brunei Darussalam,2.35,66.17,18.86,8.8,3.0,,,0.3,,0.1,0.0,67.1,67.9,66.3,2.1,16.4,100.0,99.0,65.0,1.7,No data,,14.9,0.7,9.4,99.0,20.0,4.9,78,71,,36.0,3.6,1,76.9,78.6,75.3,,83.0,,12.2,15.6,,,Brunéi Darussalam,BRN,PIB par habitant ($ US courants),NY.GDP.PCAP.CD,30625.128732694,26663.2973199878,28024.3824618568,30988.1190497851,30426.5730284202,26834.3592463839,31006.9636220576,36632.9280421411,32890.5492465722,33417.8357740437
Bhutan,BTN,8.0,6.69,33.8,16.91,17.2,73.0,91.6,9.0,3.0,5.1,17.9,93.0,22.0,48.8,51.0,Bhutan,0.97,20.52,5.53,6.1,4.9,3.98,1.77,0.0,,0.1,0.1,64.8,64.6,65.0,0.68,18.7,99.0,99.0,164.0,15.7,<0.1,0.0,15.9,4.4,23.1,97.0,88.0,12.7,60,64,99.0,47.0,12.2,173 578,74.9,75.9,73.9,5.66,87.0,,,,,,Bhoutan,BTN,PIB par habitant ($ US courants),NY.GDP.PCAP.CD,2954.04081911097,3152.30905106786,3435.28804735662,3400.20417245342,3576.87987100503,3191.66906999331,3570.61257980872,3711.32767981591,3839.4093039286,
Botswana,BWA,11.5,14.62,30.9,14.42,0.1,,66.4,17.0,15.4,,21.0,,34.0,,,Botswana,0.36,30.18,3.79,48.1,8.4,4.32,1.01,0.3,,0.2,1.1,53.1,53.9,52.3,0.53,18.7,100.0,95.0,244.0,26.8,1.9,0.47,19.0,6.0,39.6,79.0,140.0,20.9,55,45,81.0,155.0,16.5,685 567,61.2,63.2,59.2,0.85,32.0,,,,,,Botswana,BWA,PIB par habitant ($ US courants),NY.GDP.PCAP.CD,6141.20394726616,6749.05994339013,7104.96401088027,7407.95940141786,7172.08956480028,6323.29749806946,7807.88794500125,8328.70905682185,7826.35376483298,7695.2420641819
Central African Republic,CAF,2.3,9.03,43.4,32.17,5.9,6.0,1.0,21.0,18.1,5.2,38.9,22.0,29.0,,13.0,Central African Republic,0.01,10.97,0.74,184.4,9.2,,,8.0,27.6,3.8,1.4,45.4,47.3,43.8,0.03,,40.0,42.0,540.0,97.0,No data,305.54,30.8,2.1,92.2,,310.0,30.7,32,34,40.0,692.0,25.9,6 999 367,52.3,55.4,49.6,13.68,,,,,,,République centrafricaine,CAF,PIB par habitant ($ US courants),NY.GDP.PCAP.CD,366.322853938121,387.176203444318,432.324025684263,455.243962859534,449.228467602439,462.879071294011,492.263142830507,467.359825026238,495.978897288721,516.170424537757
Canada,CAN,11.4,19.5,14.0,6.7,,99.0,100.0,3.0,1.6,,,,,68.3,84.0,Canada,6.53,112.57,28.19,4.5,9.4,3.5,0.8,0.0,,0.3,0.3,69.8,70.6,68.9,11.42,12.0,98.0,92.0,5.8,2.3,No data,,9.7,10.0,5.1,79.0,8.0,3.4,≥80 ,96,85.0,12.0,4.7,3,81.6,83.8,79.4,,86.0,,21.0,23.4,,,Canada,CAN,PIB par habitant ($ US courants),NY.GDP.PCAP.CD,43594.1941045394,42314.0615817218,45129.628116623,46539.1761570405,46352.8693445211,43537.839298904,52886.6616372703,56256.8007264015,54220.3285039875,54282.6176051733
Switzerland,CHE,,12.41,16.6,9.25,,97.0,100.0,2.0,0.4,,,,12.0,99.3,100.0,Switzerland,4.06,187.6,44.77,1.4,14.0,7.9,0.32,0.0,,0.2,0.1,71.1,71.3,70.9,6.61,25.5,,95.0,5.4,2.5,<0.1,,7.5,9.2,3.9,91.0,10.0,2.8,≥80 ,90,89.0,5.0,2.4,39,83.3,85.1,81.5,,70.0,,4.1,9.8,,,Suisse,CHE,PIB par habitant ($ US courants),NY.GDP.PCAP.CD,83806.4476003837,82153.0745447889,82254.3770471336,85217.3691512274,84121.9310304414,85897.7843338323,93664.7736696111,94394.5106803525,100631.802755125,103669.872008144
Chile,CHL,8.7,18.95,15.7,22.16,,99.0,100.0,6.0,3.8,,1.7,,21.0,87.9,95.0,Chile,16.77,54.54,33.34,6.3,7.7,14.6,2.08,0.1,,0.0,0.4,67.7,68.3,67.1,7.27,28.7,100.0,96.0,18.0,2.3,0.18,,9.4,7.9,7.2,70.0,18.0,4.6,≥80 ,79,93.0,10.0,10.3,7,79.0,81.4,76.7,0.0,83.0,,,,,36.4,Chili,CHL,PIB par habitant ($ US courants),NY.GDP.PCAP.CD,13433.9202987032,13649.8520452803,14879.9086227187,15659.4808675628,14495.716721687,13114.815470545,16206.8325493421,15405.6165774073,17067.0364799154,16709.8893972307
China,CHN,11.1,8.8,15.6,40.17,40.3,,88.7,8.0,0.7,1.9,4.5,97.0,19.0,64.0,67.0,China,4.51,36.66,31.12,6.1,8.9,24.33,6.94,,,0.2,1.5,68.6,70.1,67.2,3.73,23.4,100.0,97.0,52.0,2.2,No data,,15.9,4.5,6.2,95.0,93.0,2.8,≥80 ,94,,16.0,17.4,18 225,77.6,80.5,75.0,0.06,,,,,,,Chine,CHN,PIB par habitant ($ US courants),NY.GDP.PCAP.CD,8175.33285077393,8254.86859320357,8979.67652709856,10085.6638148819,10342.9009524335,10627.4637989619,12887.4357242941,12970.6056414327,12951.1782397043,13303.1481543868
Côte d'Ivoire,CIV,3.5,6.21,51.4,46.58,13.0,44.0,44.1,16.0,11.0,8.1,20.3,22.0,27.0,18.5,17.0,Côte d'Ivoire,0.14,7.93,1.66,,7.4,8.33,0.56,2.0,52.0,3.4,1.0,55.4,56.4,54.6,0.39,8.8,84.0,79.0,119.0,47.0,0.35,251.43,22.7,4.5,67.1,43.0,192.0,28.2,43,47,79.0,359.0,20.6,20 569 107,63.5,66.0,61.4,6.09,73.0,,,,,,Côte d'Ivoire,CIV,PIB par habitant ($ US courants),NY.GDP.PCAP.CD,1814.71855088017,1862.59597081287,1964.29930338343,2130.86619381144,2141.76836170115,2179.72934832935,2455.98127626488,2333.37128334477,2554.67304885576,2709.89511641252
Cameroon,CMR,13.6,3.94,38.9,61.63,52.7,,30.7,22.0,6.0,4.3,27.2,37.0,39.0,,,Cameroon,0.12,6.59,1.36,98.0,8.5,,,2.4,44.9,1.8,1.1,54.0,54.6,53.4,0.22,6.5,69.0,75.0,150.0,47.3,No data,258.81,24.3,8.0,67.2,45.0,210.0,25.2,44,44,75.0,258.0,10.6,11 963 613,61.8,63.7,59.9,4.06,66.0,,76.0,96.3,,,Cameroun,CMR,PIB par habitant ($ US courants),NY.GDP.PCAP.CD,1415.00009710569,1441.7201725688,1496.08951771242,1610.69641591017,1555.22660476477,1555.60370660749,1672.32657340872,1604.87726954895,1736.86091073524,1762.3683508844
Democratic Republic of the Congo,COD,4.2,3.98,40.0,37.44,92.9,12.0,5.0,36.0,12.4,7.2,44.1,19.0,47.0,15.8,13.0,Democratic Republic of the Congo,0.04,11.68,2.08,109.0,8.8,,,3.4,33.0,3.3,1.3,53.2,54.3,52.2,0.09,12.2,85.0,60.0,316.0,52.3,0.17,313.27,25.1,2.0,73.2,18.0,212.0,25.3,42,37,59.0,427.0,16.3,56 981 384,61.6,63.9,59.4,6.52,,,88.5,72.5,,,"Congo, République démocratique du",COD,PIB par habitant ($ US courants),NY.GDP.PCAP.CD,467.9145805459,442.310472110228,436.584534687385,528.256019777898,557.044161335917,507.521230077872,558.034077296358,642.612267148918,633.395661686298,647.435704836002
Congo,COG,5.3,3.53,46.7,37.81,19.5,,40.1,,9.3,,16.3,,,,,Congo,0.02,11.21,1.73,,6.7,,,,,2.6,0.6,54.8,54.4,55.3,0.05,15.4,,78.0,368.0,26.4,1.7,214.78,21.2,6.4,40.5,34.0,173.0,17.7,41,34,76.0,241.0,8.4,1 543 031,63.2,63.8,62.5,4.54,,,,,,0.0,"Congo, République du",COG,PIB par habitant ($ US courants),NY.GDP.PCAP.CD,2439.35189403696,2093.10728558843,2211.63309874797,2694.43413191427,2488.42466724916,1993.586671931,2516.16255145432,2620.83804304713,2477.97845477092,2482.24894743495
Colombia,COL,6.8,15.72,22.4,15.09,49.9,74.0,91.8,12.0,35.7,1.6,11.6,70.0,30.0,17.2,18.0,Colombia,8.68,15.41,25.35,39.4,5.0,8.19,2.23,2.1,86.6,0.2,0.2,65.0,66.8,63.3,1.84,8.2,98.0,90.0,46.0,3.4,0.25,10.57,10.3,4.3,12.0,84.0,32.0,6.5,≥80 ,68,90.0,59.0,16.2,3 307 872,74.5,77.6,71.6,0.15,52.0,,45.2,25.6,,8.3,Colombie,COL,PIB par habitant ($ US courants),NY.GDP.PCAP.CD,6248.51490534512,5959.84250367574,6479.53231292429,6816.96818309544,6472.54544924705,5339.68711357943,6222.62164397614,6680.44506854481,7000.83660501046,7913.98801464547
Comoros,COM,3.9,4.74,29.9,14.49,5.1,,10.4,8.0,7.6,5.1,17.4,,16.0,,,Comoros,0.38,16.44,4.24,74.4,6.0,,,,17.2,1.2,1.4,59.0,59.1,58.9,0.48,17.2,97.0,75.0,35.0,43.8,<0.01,24.75,20.2,0.4,39.8,79.0,168.0,22.5,48,50,,179.0,29.0,277 694,67.5,68.7,66.3,13.21,,,,,,,Comores,COM,PIB par habitant ($ US courants),NY.GDP.PCAP.CD,1329.3704808998,1365.48403353158,1423.92480215551,1540.71132331975,1519.26386326167,1527.16990927956,1587.72988601478,1533.87755332151,1682.20285095721,1784.11546860293
Cabo Verde,CPV,8.4,16.06,40.6,32.63,12.5,,83.9,11.0,13.9,2.4,5.3,,19.0,,,Cabo Verde,0.15,17.98,7.3,49.6,14.9,,,0.5,,0.3,0.3,63.8,66.1,61.3,0.19,11.0,97.0,93.0,47.0,12.1,0.52,0.0,17.2,3.8,11.6,86.0,92.0,8.3,71,60,,40.0,16.5,143 054,73.2,77.4,68.8,2.45,93.0,,,,,,Cabo Verde,CPV,PIB par habitant ($ US courants),NY.GDP.PCAP.CD,3415.06266730931,3608.96605234906,3893.09571382506,4294.96510035729,4380.78117331128,3539.22661248299,3971.44409203423,4323.31362032709,4861.29184126229,5272.85253011419
Costa Rica,CRI,7.9,25.82,13.7,15.06,2.7,81.0,96.6,7.0,13.5,1.8,10.6,86.0,27.0,24.1,25.0,Costa Rica,10.89,30.71,26.87,24.8,8.1,7.41,1.13,1.1,80.8,0.0,0.1,67.6,69.1,66.3,12.09,8.9,99.0,99.0,9.9,2.9,0.17,0.3,9.9,3.8,10.5,83.0,18.0,7.2,≥80 ,66,99.0,24.0,15.5,31 336,78.6,81.5,75.9,0.34,66.0,,,,,,Costa Rica,CRI,PIB par habitant ($ US courants),NY.GDP.PCAP.CD,11714.7105980803,12091.0301606335,12317.0902771322,12590.2493781628,12884.6859951947,12394.0493969354,12838.1185359009,13625.9008491478,16942.0268119304,18587.1532203614
Cuba,CUB,10.6,21.04,22.2,15.86,9.1,,94.9,5.0,5.0,2.0,7.3,93.0,14.0,32.6,41.0,Cuba,18.42,76.03,95.42,48.6,13.8,,,1.3,86.9,0.0,0.1,64.6,66.0,63.4,,17.4,100.0,99.0,7.9,9.7,0.18,,17.6,5.6,8.3,99.0,41.0,4.2,≥80 ,90,,35.0,5.4,124,73.7,76.5,71.1,0.43,,,,,,,Cuba,CUB,PIB par habitant ($ US courants),NY.GDP.PCAP.CD,7727.91997207998,8110.55873961397,8610.60829531998,8911.46205964193,9232.26115935183,9605.26125067263,,,,
Cyprus,CYP,,18.31,16.4,15.46,,100.0,100.0,3.0,1.4,,,,16.0,72.7,77.0,Cyprus,8.19,38.94,35.56,7.9,3.0,14.74,1.59,0.0,,0.3,0.3,70.7,71.1,70.3,7.27,35.6,100.0,95.0,5.5,1.6,No data,,8.5,5.2,3.5,80.0,16.0,1.9,≥80 ,61,74.0,14.0,3.9,2,81.9,84.0,79.9,,92.0,,55.9,40.5,,,Chypre,CYP,PIB par habitant ($ US courants),NY.GDP.PCAP.CD,23487.228515625,24715.154296875,26696.990234375,29599.986328125,29703.052734375,28649.015625,33734.03515625,33894.44921875,36551.41796875,38654.16796875
Czechia,CZE,6.6,16.73,24.6,14.9,,98.0,100.0,4.0,0.6,,2.4,,22.0,91.5,90.0,Czechia,7.39,95.3,43.52,7.2,13.3,4.64,0.83,0.1,,0.1,0.6,66.7,68.3,65.0,7.18,29.9,100.0,94.0,4.8,4.1,<0.1,,14.2,13.7,2.6,90.0,33.0,1.3,≥80 ,77,,3.0,5.2,13,77.1,80.3,74.0,,72.0,,7.6,14.4,14.8,,République tchèque,CZE,PIB par habitant ($ US courants),NY.GDP.PCAP.CD,17931.5987670768,18753.9686718096,20913.197632212,23705.9329811299,24062.7190013343,23472.8915454417,27696.4619527544,28282.2236715857,31591.0568216357,31706.6234229743
Germany,DEU,3.3,20.46,14.0,11.15,,100.0,100.0,5.0,0.9,0.5,2.2,,21.0,99.1,97.0,Germany,8.48,122.49,45.34,5.9,12.9,,,0.1,,0.2,0.4,68.9,69.4,68.4,6.71,21.3,96.0,91.0,4.8,3.2,No data,,11.6,11.2,3.7,93.0,15.0,2.3,≥80 ,85,82.0,4.0,3.3,199,80.5,82.9,78.1,,54.0,,4.4,9.4,,,Allemagne,DEU,PIB par habitant ($ US courants),NY.GDP.PCAP.CD,41911.0109851054,42961.0356905775,45526.5999576533,48874.8595028454,47623.8656074829,47379.765194548,52265.6541620571,49686.1154582583,53940.4073447462,55800.2194549412
Djibouti,DJI,5.5,5.15,31.8,20.72,22.9,,10.0,,5.8,12.1,20.9,,,11.1,40.0,Djibouti,,1.94,2.11,,8.0,1.47,0.26,,,0.3,1.5,57.0,57.7,56.3,,,,72.0,218.0,37.6,0.29,45.04,20.6,0.4,50.4,64.0,181.0,28.2,44,30,72.0,162.0,23.3,110 561,64.9,66.7,63.0,14.86,,,,,,,Djibouti,DJI,PIB par habitant ($ US courants),NY.GDP.PCAP.CD,2376.12554719873,2510.4300076241,2618.95521147369,2718.08338799203,2837.16902340932,2844.88810647853,3025.91126413549,3133.25779772463,3397.52015779588,3496.47111876763
Dominica,DMA,,6.2,22.0,8.38,2.0,,86.2,,,,,,,,,Dominica,1.17,67.6,11.58,,,,,,,0.2,,,,,,,100.0,56.0,16.0,,No data,,,7.0,35.5,87.0,,30.8,49,71,,36.0,11.0,419,,,,0.68,65.0,,,,,,Dominique,DMA,PIB par habitant ($ US courants),NY.GDP.PCAP.CD,8282.59874702141,8802.56172041363,8224.64896571414,9215.3085405645,9491.14995962374,7827.74842680426,8376.40414141113,9323.66089490562,9912.96212766668,10405.2787777582
Denmark,DNK,,17.69,17.0,10.12,,100.0,100.0,3.0,1.2,,,,23.0,99.0,99.0,Denmark,7.18,121.86,44.98,1.2,10.5,,,0.0,,0.7,0.0,70.1,70.4,69.7,5.81,16.2,96.0,97.0,3.6,4.1,<0.01,,10.7,10.0,3.4,93.0,13.0,1.8,≥80 ,97,97.0,4.0,2.3,0,81.2,82.9,79.5,,80.0,,1.9,7.3,,,Danemark,DNK,PIB par habitant ($ US courants),NY.GDP.PCAP.CD,53094.0133607574,54500.9260410217,57521.5514992225,61324.7665045565,59404.2663247723,60985.4885601514,69727.9873677012,68091.3191138669,68453.8769281145,71851.7562131368
Dominican Republic,DOM,7.5,14.43,22.4,7.76,12.8,45.0,93.5,10.0,19.5,2.2,5.6,48.0,19.0,34.6,43.0,Dominican Republic,2.69,20.6,24.26,77.1,4.2,8.17,0.94,3.6,77.4,0.1,0.3,63.6,65.5,61.8,0.19,10.5,99.0,90.0,42.0,5.8,0.36,0.04,17.4,5.2,31.4,70.0,42.0,21.7,77,60,86.0,124.0,27.4,2 677 790,73.3,76.8,70.2,0.35,66.0,,,,,,République dominicaine,DOM,PIB par habitant ($ US courants),NY.GDP.PCAP.CD,6800.95309395474,7160.44200982307,7412.71571571512,7882.98221584944,8183.01623600375,7135.22273255899,8527.0754858205,10104.2449349081,10630.431743829,10875.6618443092
Algeria,DZA,13.3,5.36,31.6,22.85,0.3,71.0,99.7,,1.6,2.7,8.9,85.0,,76.2,62.0,Algeria,3.57,25.08,16.6,11.0,2.2,,,,66.3,0.1,0.5,65.5,64.8,66.4,3.0,21.2,99.0,92.0,47.0,4.1,<0.1,0.0,13.3,0.5,22.0,93.0,50.0,15.3,74,80,89.0,62.0,18.3,7656,76.0,76.6,75.5,0.04,,,,,,,Algérie,DZA,PIB par habitant ($ US courants),NY.GDP.PCAP.CD,4685.05902729002,4424.98529027556,4554.66753957828,4577.21029180491,4468.45341883656,3743.5419522929,4160.55926736925,4961.55257664733,5364.02795022731,5631.17999109851
Ecuador,ECU,4.7,11.87,20.2,16.91,38.9,67.0,94.7,8.0,6.6,0.7,17.7,87.0,33.0,,42.0,Ecuador,3.0,25.11,23.13,49.9,7.6,,,2.4,82.5,0.1,1.0,64.3,66.1,62.8,0.41,10.2,96.0,70.0,58.0,4.7,0.12,0.06,13.2,2.7,13.1,60.0,28.0,7.1,77,54,71.0,55.0,23.4,28 918,74.0,77.2,71.0,0.52,50.0,,,,,50.0,Équateur,ECU,PIB par habitant ($ US courants),NY.GDP.PCAP.CD,5976.1596805651,5917.63771271481,6233.32244797718,6303.91886658338,6205.05765246766,5463.64515348598,6061.32350181711,6515.58528418336,6737.84748379638,6874.705739766
Egypt,EGY,11.2,7.22,32.7,64.1,121.6,,99.9,15.0,4.2,3.3,12.9,,30.0,62.6,67.0,Egypt,1.87,17.94,6.71,37.1,0.6,31.14,6.1,,,0.2,0.2,60.4,61.1,59.7,4.26,24.7,97.0,96.0,9.2,4.8,<0.1,0.0,26.0,0.1,17.5,95.0,106.0,9.3,70,90,,17.0,9.4,2 978 436,69.1,71.7,66.7,0.24,,,69.4,87.5,,,"Égypte, République arabe d’",EGY,PIB par habitant ($ US courants),NY.GDP.PCAP.CD,3306.98159414141,3270.6287768197,2395.10333299491,2484.70315630508,2962.98892023003,3511.11381026379,3827.35415374308,4233.30783744856,3456.78968456253,3338.47371395895
Eritrea,ERI,2.8,2.37,35.6,24.04,0.4,,12.0,,10.4,,48.0,,,,,Eritrea,0.2,15.43,0.88,,13.2,,,,,1.0,2.1,55.4,57.2,53.7,0.67,,,95.0,65.0,66.5,<0.1,63.39,27.3,1.3,35.4,85.0,238.0,16.4,45,60,95.0,291.0,17.7,807 518,63.6,66.2,60.9,5.62,78.0,,,,,,Érythrée,ERI,PIB par habitant ($ US courants),NY.GDP.PCAP.CD,,,,,,,,,,
Spain,ESP,,15.22,15.6,9.77,,100.0,100.0,3.0,0.5,,,,15.0,81.2,90.0,Spain,6.03,64.06,42.94,4.6,8.7,7.87,1.12,0.1,,0.1,0.3,71.1,71.8,70.3,12.29,28.4,100.0,93.0,5.9,3.2,<0.1,,9.3,11.0,3.1,92.0,10.0,1.7,≥80 ,78,92.0,3.0,3.5,180,82.7,85.3,80.0,,75.0,,,,,,Espagne,ESP,PIB par habitant ($ US courants),NY.GDP.PCAP.CD,25982.4416197775,26755.6061149398,28381.3425596906,30602.4212881113,29786.5245689007,27233.9426461608,30799.4775937775,30270.2687017458,33509.0127982139,35297.0094995565
Estonia,EST,5.6,13.2,24.7,6.61,,97.0,100.0,4.0,1.8,,1.3,,21.0,91.7,90.0,Estonia,10.18,66.58,34.69,5.1,14.9,,,0.0,,0.3,1.4,66.7,69.2,64.1,7.13,28.3,99.0,90.0,8.2,2.6,<0.1,,15.5,10.5,2.1,84.0,13.0,1.0,79,73,,5.0,4.4,0,77.1,81.2,72.8,,52.0,,3.1,11.6,,,Estonie,EST,PIB par habitant ($ US courants),NY.GDP.PCAP.CD,17722.1557669523,18666.3736521706,20851.5223496861,23618.1361254581,24021.2501413306,23933.9939421065,27953.7670230126,28451.1477825175,30133.304450454,31170.0915091887
Ethiopia,ETH,3.3,5.68,23.1,22.94,336.5,13.0,7.1,27.0,6.7,6.8,35.5,8.0,37.0,3.0,7.0,Ethiopia,0.28,12.22,1.43,72.4,6.1,3.48,0.57,0.5,60.6,1.6,1.2,58.8,59.6,58.0,1.47,5.2,50.0,72.0,146.0,40.7,<0.1,109.24,16.8,3.1,46.5,53.0,146.0,27.4,35,69,69.0,195.0,17.7,63 060 994,67.8,69.7,66.0,3.98,29.0,,61.8,81.0,,,Éthiopie,ETH,PIB par habitant ($ US courants),NY.GDP.PCAP.CD,621.845673808133,696.196084806324,745.632433925343,747.968003672674,828.709080522921,905.313159254148,910.947887074508,1011.07332413462,,
Finland,FIN,4.7,14.82,13.6,6.21,,100.0,100.0,8.0,1.1,1.6,1.7,,23.0,89.5,90.0,Finland,9.68,140.13,36.09,3.3,14.6,6.72,0.66,0.0,,0.8,0.4,69.9,71.0,68.8,20.28,22.3,100.0,91.0,3.4,0.8,No data,,9.6,9.5,2.3,92.0,7.0,1.3,≥80 ,85,87.0,8.0,4.2,0,81.5,84.1,79.0,,70.0,,1.6,6.7,,,Finlande,FIN,PIB par habitant ($ US courants),NY.GDP.PCAP.CD,42560.3456767103,43451.2562442158,46085.0174739036,49654.2497035329,48358.1807773701,48828.6846862799,53099.1351400148,50440.560224974,52821.5114340717,53188.6186245158
Fiji,FJI,7.3,10.33,29.9,8.14,3.2,42.0,54.1,23.0,2.1,4.6,7.2,87.0,52.0,39.9,49.0,Fiji,1.17,38.52,8.13,31.0,8.3,,,0.0,51.3,0.1,0.2,57.7,58.7,56.7,1.03,27.6,100.0,99.0,66.0,10.8,0.4,,37.9,3.5,29.1,83.0,121.0,14.9,58,55,99.0,30.0,5.3,523 954,65.5,67.7,63.5,10.79,68.0,,,,,,Fidji,FJI,PIB par habitant ($ US courants),NY.GDP.PCAP.CD,5097.53106864695,5363.79026679243,5826.84814459328,6085.41979485376,5950.82866866702,4844.42127154524,4696.17103944634,5405.03006162671,5888.73667332429,6288.39867264416
France,FRA,,15.25,13.1,11.34,,100.0,100.0,5.0,1.0,,,,22.0,86.7,90.0,France,6.94,94.22,32.81,3.5,16.6,,,,,0.2,0.3,70.1,71.0,69.1,9.34,34.6,98.0,96.0,8.3,3.4,<0.1,,10.2,11.2,4.3,93.0,10.0,2.7,≥80 ,88,96.0,7.0,4.7,145,81.9,84.7,79.1,,45.0,,11.2,9.1,,,France,FRA,PIB par habitant ($ US courants),NY.GDP.PCAP.CD,36702.4323733379,37024.2157133669,38687.1626407164,41418.1766484844,40408.2848574751,39169.8606000707,43725.0999521245,41082.8119320747,44690.9345395117,46150.4876861593
Micronesia,FSM,,1.89,22.1,8.13,0.2,,13.3,21.0,4.8,,,,35.0,,,Micronesia,,22.21,9.74,,19.8,,,,,0.4,0.5,57.9,59.6,56.4,,,,79.0,234.0,14.0,No data,,40.5,2.0,23.1,59.0,255.0,12.1,48,42,73.0,129.0,14.1,36 871,65.7,68.7,63.0,21.35,48.0,,,,,,"Micronésie, États fédérés de",FSM,PIB par habitant ($ US courants),NY.GDP.PCAP.CD,2911.16211045292,2979.60119184048,3279.10779039285,3566.58690371125,3572.65918282222,3362.02793142215,3508.22356270221,3710.12448453257,3941.37247887414,4166.00476748564
Gabon,GAB,6.1,9.59,59.9,32.87,0.7,,91.4,22.0,8.0,3.4,13.7,,41.0,,,Gabon,0.18,23.7,5.21,100.1,7.3,3.83,0.72,2.8,37.3,2.1,0.6,56.3,57.4,55.3,0.77,,95.0,70.0,505.0,17.5,0.79,229.32,18.1,7.9,33.2,,77.0,16.8,49,49,,233.0,12.5,978 475,65.1,67.9,62.7,6.1,,,,,,,Gabon,GAB,PIB par habitant ($ US courants),NY.GDP.PCAP.CD,7047.12654634355,6677.07003901644,6921.73373135624,7624.2775233771,7441.1786472281,6605.80346077904,8181.40914134398,8409.20741452279,8071.39777400455,8218.76307061848
United Kingdom,GBR,7.8,20.67,13.6,9.71,,100.0,100.0,4.0,1.3,0.4,3.5,,24.0,97.2,98.0,United Kingdom,4.93,95.49,33.01,8.6,9.5,2.36,0.56,0.0,,0.4,0.3,68.6,69.0,68.2,8.97,14.2,,92.0,7.6,6.1,No data,,11.0,10.9,4.5,85.0,13.0,2.7,≥80 ,95,89.0,8.0,2.4,3,80.1,81.9,78.3,,68.0,,8.0,11.4,,,Royaume-Uni,GBR,PIB par habitant ($ US courants),NY.GDP.PCAP.CD,44983.885522934,40988.1044233026,40629.2340347345,43315.4874501318,42794.0022648288,40404.8062238951,46926.475736105,46062.9914079698,49200.8101526146,52636.7865943853
Georgia,GEO,4.1,10.54,30.2,20.85,38.7,69.0,93.2,3.0,1.9,0.6,4.7,92.0,10.0,50.2,24.0,Georgia,7.74,59.67,56.42,21.8,5.1,31.41,8.86,0.1,51.3,0.1,1.1,62.5,65.3,59.6,0.92,31.8,100.0,88.0,55.0,3.3,0.14,,22.1,15.5,9.2,86.0,92.0,5.3,68,60,86.0,20.0,12.7,31,71.2,75.6,66.9,1.1,40.0,,28.3,46.5,,,Géorgie,GEO,PIB par habitant ($ US courants),NY.GDP.PCAP.CD,4086.6223465965,4143.40125686315,4418.75206546679,4804.0546040444,4741.2832715876,4300.85701291207,5083.60695484577,6729.84659930283,8283.66960652261,9193.66366361489
Ghana,GHA,1.8,7.41,36.0,50.42,87.5,44.0,32.8,10.0,5.9,5.8,15.6,42.0,24.0,15.5,16.0,Ghana,0.07,41.1,2.66,63.0,5.3,1.33,0.11,2.0,49.0,2.1,0.9,57.9,58.9,56.9,1.73,3.4,88.0,95.0,129.0,25.2,0.56,193.9,22.2,4.4,37.1,78.0,191.0,21.2,48,52,96.0,234.0,25.9,9 918 507,66.1,68.6,63.7,6.11,,,67.9,90.4,,12.5,Ghana,GHA,PIB par habitant ($ US courants),NY.GDP.PCAP.CD,1722.77282833606,1912.47991339951,2012.28662641265,2195.32166016377,2186.65822682613,2195.45481659987,2445.18662529344,2229.89122647803,2383.90410483418,2405.79466378083
Guinea,GIN,4.4,5.02,45.7,42.38,31.6,,1.0,21.0,8.5,6.4,26.6,21.0,37.0,,,Guinea,0.03,4.21,2.1,127.6,4.8,1.5,0.03,3.3,37.7,6.1,1.0,53.4,53.5,53.3,0.18,,55.0,47.0,175.0,57.8,0.33,307.78,23.6,0.5,95.0,26.0,244.0,30.3,40,55,,494.0,37.4,8 401 212,61.3,62.5,59.9,5.65,,,,,,12.5,Guinée,GIN,PIB par habitant ($ US courants),NY.GDP.PCAP.CD,747.356966759448,711.996509782316,833.598621691121,933.273615633705,1031.34146480732,1053.66097696415,1244.96550477914,1416.59612011764,1555.49375806861,1717.02318120779
Gambia,GMB,2.7,7.48,46.1,41.4,9.1,48.0,1.6,10.0,7.9,5.1,14.0,13.0,25.0,10.5,28.0,Gambia,0.03,6.58,0.9,64.8,4.8,0.2,0.03,1.1,41.1,1.6,0.8,55.8,56.1,55.6,0.04,10.5,84.0,84.0,142.0,29.5,0.53,87.51,21.8,0.6,44.1,73.0,224.0,23.7,46,27,80.0,354.0,22.0,490 110,64.2,66.3,62.2,11.09,,,,,,,Gambie,GMB,PIB par habitant ($ US courants),NY.GDP.PCAP.CD,619.536364296461,650.056501323611,642.522641296331,696.219806960615,738.186751987483,720.335143352133,781.890925169531,836.244875582631,888.157407441902,908.525674150965
Guinea-Bissau,GNB,3.6,5.16,45.7,40.06,8.1,24.0,0.8,,8.6,7.8,28.3,20.0,,20.0,15.0,Guinea-Bissau,0.1,9.9,2.52,84.5,7.7,5.05,0.37,1.6,60.0,2.1,1.0,51.5,52.6,50.3,0.01,8.2,54.0,74.0,361.0,49.4,0.53,104.0,25.3,3.2,69.3,36.0,234.0,32.7,37,50,74.0,505.0,30.5,919 108,58.6,61.1,56.1,14.85,,,,,,,Guinée-Bissau,GNB,PIB par habitant ($ US courants),NY.GDP.PCAP.CD,645.066837207039,679.665386626818,783.123186602022,808.531613218504,807.425524872835,836.26731423732,912.484104692847,873.437861875428,964.927554218909,962.983627901892
Equatorial Guinea,GNQ,7.5,4.45,41.3,27.06,0.0,,22.1,29.0,2.6,,17.1,,46.0,,,Equatorial Guinea,,13.75,1.53,,7.0,,,,,6.1,0.6,53.3,53.5,52.9,0.08,,,74.0,274.0,29.7,No data,228.82,20.3,6.1,70.6,28.0,168.0,27.2,46,49,,174.0,11.7,1 046 007,61.6,63.2,60.2,0.42,,,,,,,Guinée équatoriale,GNQ,PIB par habitant ($ US courants),NY.GDP.PCAP.CD,9068.91003238645,7453.19797948517,7809.10465655488,8102.47084834031,6804.14923073888,5764.05502912947,6945.63069794539,7589.29964909381,6677.793435386,6745.40013244916
Greece,GRC,13.5,8.65,15.6,15.58,,99.0,100.0,5.0,1.1,,2.0,,18.0,92.1,92.0,Greece,13.35,41.14,65.76,7.4,4.7,16.89,1.62,0.5,,0.1,0.2,68.6,69.3,67.8,10.82,32.8,100.0,99.0,5.2,7.6,<0.1,,12.0,7.0,3.7,83.0,23.0,2.3,77,60,96.0,5.0,7.3,52,79.6,82.0,77.3,,,,41.1,24.0,,,Grèce,GRC,PIB par habitant ($ US courants),NY.GDP.PCAP.CD,17980.7298238137,17919.2426377048,18631.9930129293,19873.4015238771,19335.3602002969,17886.733165236,20654.7001960815,20971.8349258283,23400.7278817691,24752.1068401681
Grenada,GRD,,6.28,20.9,10.22,1.0,,84.2,8.0,5.0,,,,28.0,,,Grenada,1.9,45.77,13.83,31.4,1.3,,,1.2,,0.1,1.7,63.2,64.3,62.1,6.52,,100.0,86.0,4.9,6.7,No data,,17.1,7.8,18.3,84.0,48.0,12.4,70,54,,48.0,6.4,635,72.8,75.2,70.5,0.29,1.0,,,,19.1,,Grenade,GRD,PIB par habitant ($ US courants),NY.GDP.PCAP.CD,8694.12438005692,9221.23461079424,9751.42661155932,10083.021279225,10462.7929159533,8968.55890108484,9622.24050459345,10535.4588771454,11308.2874249451,11871.6117006031
Guatemala,GTM,3.7,16.89,10.5,21.78,17.2,56.0,46.5,7.0,26.2,0.8,44.6,,21.0,,,Guatemala,2.68,22.73,12.81,57.6,4.9,,,2.0,,0.0,0.8,59.3,61.0,57.6,4.0,11.9,70.0,83.0,33.0,15.3,<0.1,0.22,14.6,1.7,21.4,77.0,93.0,10.0,59,37,87.0,94.0,12.6,729 890,68.7,71.9,65.6,1.49,48.0,,,,,,Guatemala,GTM,PIB par habitant ($ US courants),NY.GDP.PCAP.CD,3893.50522093509,4060.13754974186,4324.99608157801,4352.94651790253,4511.99755157656,4477.61761796418,4912.62225721201,5358.70127494396,5758.30876298845,6150.02597767851
Guyana,GUY,5.0,10.49,37.5,11.7,0.1,,100.0,10.0,13.9,6.5,7.1,83.0,31.0,33.4,44.0,Guyana,0.68,39.27,13.87,64.9,24.8,,,1.3,46.6,0.4,0.1,56.8,58.7,55.1,0.58,11.1,98.0,98.0,64.0,8.6,0.73,42.66,25.4,5.3,25.7,99.0,96.0,15.6,76,37,95.0,75.0,15.2,206 893,66.1,69.3,63.0,2.91,40.0,,,,,,Guyana,GUY,PIB par habitant ($ US courants),NY.GDP.PCAP.CD,5640.41560569466,5870.87823759835,6178.6650437298,6048.38697180418,6405.82443444562,6775.70939096303,9860.87014834386,17913.4928066879,20473.7002190617,29883.6341152001
Hong Kong,HKG,,,,,,,,,,,,,,93.2,,Hong Kong,,,,1.1,,,,0.0,,,,,,,,,,,50.0,,,,,,,,,,,,,,0.0,,,,,,,,45.8,30.1,,,"Chine, RAS de Hong Kong",HKG,PIB par habitant ($ US courants),NY.GDP.PCAP.CD,42432.1619740441,43734.1980702999,46160.429791493,48537.5668888343,48359.0011950597,46109.2299946609,49770.5642374739,48825.8441873536,50565.4647717265,54107.034521746
Honduras,HND,4.2,14.16,18.8,19.42,30.3,65.0,50.3,7.0,75.2,1.9,17.9,85.0,17.0,,53.0,Honduras,7.1,7.35,4.89,97.1,3.0,,,2.5,79.0,0.0,0.5,60.0,60.5,59.6,,12.3,94.0,73.0,31.0,7.1,<0.1,0.27,17.8,3.1,15.5,74.0,113.0,8.8,64,54,73.0,47.0,18.5,2 208 913,69.0,70.5,67.4,3.41,61.0,,,,,,Honduras,HND,PIB par habitant ($ US courants),NY.GDP.PCAP.CD,2271.20265980349,2307.34468351082,2413.0076562942,2464.64241531918,2502.32744328073,2307.61494319511,2735.14751503977,3003.28996826399,3227.45762509776,3426.43483328923
Croatia,HRV,,13.73,23.3,15.49,,,100.0,4.0,0.8,,,,13.0,34.3,,Croatia,9.46,79.99,39.09,6.7,15.7,,,0.0,,0.1,0.3,66.8,68.5,65.1,8.78,37.0,100.0,93.0,3.5,2.7,<0.1,,15.9,10.8,4.6,90.0,31.0,2.8,≥80 ,75,90.0,3.0,8.1,8,76.9,80.0,73.8,,55.0,,53.8,16.4,23.5,,Croatie,HRV,PIB par habitant ($ US courants),NY.GDP.PCAP.CD,12285.3032582105,12821.1738140304,13902.6310485422,15460.4183295843,15563.8167397199,14808.4620188819,17789.9304736722,18466.0955472648,21865.4562838641,23931.4528382746
Haiti,HTI,3.9,4.11,45.9,9.78,41.5,,4.5,12.0,20.9,5.0,21.6,23.0,23.0,,,Haiti,0.22,7.32,2.92,54.8,7.8,,,1.3,45.4,1.0,0.5,53.9,53.6,54.3,0.31,8.1,42.0,51.0,149.0,25.9,0.48,2.29,31.6,3.3,55.1,41.0,210.0,23.3,54,54,51.0,328.0,31.3,4 487 915,62.5,63.2,61.7,5.74,,,,,,,Haïti,HTI,PIB par habitant ($ US courants),NY.GDP.PCAP.CD,1411.12684746796,1318.40268167953,1395.23945184461,1496.38048970156,1352.17204191532,1290.32538667383,1835.44394078496,1760.62635668777,1705.75808460999,2142.62330526788
Hungary,HUN,,9.91,24.1,14.83,,100.0,100.0,6.0,1.4,,,,19.0,72.2,88.0,Hungary,7.43,56.65,34.56,16.7,16.5,12.31,0.91,0.2,,0.9,0.5,64.8,66.7,62.9,8.4,32.2,100.0,99.0,5.9,2.0,No data,,21.7,11.3,3.8,99.0,42.0,2.1,79,71,99.0,12.0,7.4,19,74.4,77.8,70.9,,75.0,,,,,,Hongrie,HUN,PIB par habitant ($ US courants),NY.GDP.PCAP.CD,12782.9412577973,13215.8605277789,14736.1668157258,16605.0570511887,17012.8598553199,16386.9308821258,19030.628130329,18483.6366867035,22312.1790289763,23310.7512733957
Indonesia,IDN,2.6,8.03,26.7,19.93,266.2,30.0,90.6,9.0,4.1,8.4,22.6,79.0,22.0,,,Indonesia,1.03,32.4,5.24,36.1,1.2,1.97,0.35,0.3,77.0,1.3,0.2,60.7,61.5,59.9,1.97,38.2,97.0,83.0,387.0,15.8,<0.1,3.88,21.9,0.1,20.6,62.0,97.0,10.5,55,80,31.0,140.0,11.3,67 464 958,68.3,70.2,66.4,0.72,29.0,,35.2,69.7,,,Indonésie,IDN,PIB par habitant ($ US courants),NY.GDP.PCAP.CD,3288.22269725538,3521.46943457574,3798.88326174526,3860.95353090726,4106.94856160358,3853.70288774146,4287.17313995098,4730.83484836107,4876.30774512252,4925.43048751861
India,IND,3.7,4.46,53.7,53.03,360.6,,76.7,18.0,3.6,18.7,32.9,76.0,35.0,28.8,52.0,India,1.59,17.2,7.23,11.3,12.6,17.46,6.67,,74.3,0.2,0.1,58.1,58.3,58.0,8.56,24.3,89.0,91.0,195.0,36.4,<0.1,1.52,23.6,4.5,27.7,90.0,141.0,17.3,63,88,83.0,80.0,14.6,622 238 663,67.3,69.0,65.8,0.19,,,54.9,77.5,,,Inde,IND,PIB par habitant ($ US courants),NY.GDP.PCAP.CD,1583.99815907985,1707.50892912243,1950.10468280866,1966.25455171679,2041.42863698585,1907.04251637669,2239.61384367482,2347.44829434623,2530.12031278204,2696.66389984463
Ireland,IRL,11.2,22.33,14.0,8.68,,96.0,100.0,3.0,0.8,,2.2,,16.0,50.8,80.0,Ireland,4.75,147.77,38.75,3.3,8.5,,,0.0,,0.0,0.3,70.0,70.2,69.8,11.05,19.3,100.0,89.0,4.6,2.7,<0.1,,9.6,10.5,3.8,,13.0,2.5,≥80 ,77,83.0,4.0,2.8,0,81.6,83.4,79.9,,84.0,,10.5,10.5,,,Irlande,IRL,PIB par habitant ($ US courants),NY.GDP.PCAP.CD,64311.8234684057,64192.9418053178,72198.1076995377,80738.9628834696,81810.1926481407,86622.5067251295,103961.976350649,105234.511567597,103887.800388081,107316.337306921
Iran,IRN,2.7,19.03,25.5,34.11,0.7,94.0,95.7,18.0,2.9,4.3,4.8,,31.0,26.4,,Iran,5.26,28.76,18.11,23.4,4.1,15.36,3.66,0.4,,0.1,0.6,64.0,64.0,64.0,3.36,13.3,99.0,99.0,11.0,2.9,<0.1,2.73,13.9,0.1,11.8,99.0,58.0,7.4,74,76,,16.0,20.6,5512,74.7,76.4,73.1,0.02,,,34.7,70.6,,,"Iran, République islamique d’",IRN,PIB par habitant ($ US courants),NY.GDP.PCAP.CD,4952.73355532178,5477.03712389913,5753.11544659399,4631.78709016514,3831.27894763337,2988.78122414716,4334.79268631354,4405.09291519791,4465.63766853306,4771.40029026226
Iraq,IRQ,4.6,5.84,27.1,42.96,61.5,60.0,99.5,,12.6,3.0,9.4,97.0,26.0,41.8,53.0,Iraq,5.02,26.48,10.22,70.0,3.0,19.57,4.18,1.6,53.8,0.3,0.2,61.0,62.0,60.0,6.19,19.2,96.0,91.0,21.0,4.4,No data,0.0,22.7,0.6,22.6,83.0,90.0,12.9,59,59,14.0,66.0,21.5,2 170 486,71.5,73.9,68.9,0.21,,,87.8,85.7,,,Iraq,IRQ,PIB par habitant ($ US courants),NY.GDP.PCAP.CD,4440.14189252367,4334.42096404188,4759.2846435467,5646.68932074742,5671.8568632942,4295.18945121228,4868.49431080783,6520.73154560584,5965.31835077761,6073.61032342708
Iceland,ISL,,16.54,14.7,6.2,,100.0,100.0,3.0,1.1,,,,21.0,1.6,,Iceland,7.84,158.64,43.73,3.1,11.9,,,0.0,,0.2,0.0,71.4,71.3,71.4,11.04,9.4,97.0,92.0,3.2,2.4,<0.1,,8.5,8.2,2.6,89.0,8.0,1.3,≥80 ,78,92.0,3.0,2.4,0,82.6,83.9,81.3,,84.0,,2.8,9.8,35.0,,Islande,ISL,PIB par habitant ($ US courants),NY.GDP.PCAP.CD,52951.6815110898,61987.9263620283,72010.1490316258,74452.1890731447,68452.23622306,59023.5663465778,69178.4046960961,75121.0152280628,79960.0961535662,82703.8579937471
Israel,ISR,,13.01,14.6,19.65,,99.0,100.0,6.0,1.0,,,,,95.0,96.0,Israel,8.97,58.99,37.97,6.2,4.4,12.81,2.61,0.0,,0.1,0.0,70.8,70.1,72.1,8.64,20.4,100.0,98.0,2.8,2.0,<0.1,,7.6,3.1,3.4,92.0,15.0,1.7,≥80 ,86,94.0,2.0,4.2,0,81.7,82.1,82.4,,60.0,,,,,,Israël,ISR,PIB par habitant ($ US courants),NY.GDP.PCAP.CD,36213.1041481958,37671.5389138798,41138.470964272,42362.6652754196,44250.6313628073,44575.5719045492,52270.9040241956,54949.621556429,52003.7200729997,54176.6844383302
Italy,ITA,,11.85,16.4,14.73,,93.0,100.0,4.0,0.6,,,,16.0,70.7,79.0,Italy,8.82,67.55,41.91,2.8,7.0,,,0.0,,0.3,0.3,70.6,71.1,70.0,13.42,22.4,99.0,95.0,4.4,3.0,<0.1,,9.1,8.3,2.8,85.0,15.0,1.6,≥80 ,69,92.0,6.0,5.0,223,82.2,84.3,80.0,,46.0,,30.6,26.5,26.6,,Italie,ITA,PIB par habitant ($ US courants),NY.GDP.PCAP.CD,30639.8829751432,31391.5692898108,32844.115660604,34904.1081923834,33812.788724868,32091.4866621366,36852.5425414951,35653.9042103495,39065.4244365633,40226.0472416173
Jamaica,JAM,5.1,18.96,21.5,15.79,0.8,,93.0,7.0,51.9,3.2,6.9,,24.0,,,Jamaica,0.93,16.17,4.6,34.8,1.7,,,0.0,78.7,0.6,0.1,61.7,63.0,60.5,4.83,9.7,100.0,98.0,3.2,2.3,0.42,,20.2,3.9,19.3,89.0,36.0,14.5,74,69,,130.0,17.8,8182,70.1,72.8,67.6,2.3,8.0,,,,,,Jamaïque,JAM,PIB par habitant ($ US courants),NY.GDP.PCAP.CD,5062.8955502426,5009.79448724295,5259.31332766957,5578.10347525832,5607.24299266608,4879.44025773374,5165.33782130331,6022.15339791763,6839.72502408181,7019.74634780454
Jordan,JOR,10.6,7.64,33.0,25.76,327.7,86.0,99.4,13.0,2.3,2.3,7.7,,24.0,77.4,82.0,Jordan,7.94,33.33,28.51,17.0,0.6,6.36,1.25,,54.2,0.6,0.3,65.1,64.5,65.6,20.3,35.6,100.0,96.0,3.4,1.9,<0.01,,11.6,0.3,13.2,89.0,39.0,7.6,65,73,,31.0,13.6,89,75.6,77.0,74.6,5.42,,,76.3,57.2,,,Jordanie,JOR,PIB par habitant ($ US courants),NY.GDP.PCAP.CD,4042.75678097555,3986.71677010853,4065.61628749384,4145.43989673265,4170.1144003465,4022.0401356135,4183.49998326866,4332.25159897931,4466.08314208575,4618.09592498567
Japan,JPN,2.0,23.42,18.7,11.1,,99.0,100.0,4.0,0.2,,5.2,,20.0,98.6,99.0,Japan,8.16,129.78,26.49,1.7,17.4,11.1,2.0,,,1.0,0.2,73.4,74.8,71.9,20.26,19.2,100.0,98.0,9.3,8.4,No data,,8.0,6.3,2.4,94.0,12.0,0.8,≥80 ,99,97.0,3.0,2.7,7,84.5,87.2,81.7,,35.0,,33.9,20.4,,,Japon,JPN,PIB par habitant ($ US courants),NY.GDP.PCAP.CD,34960.6393843385,39375.4731620781,38834.0529341227,39751.1330982711,40415.9567649547,40028.7341726762,40094.5599795288,34065.6438962526,33836.1756271617,32475.8924992191
Kazakhstan,KAZ,8.7,10.6,30.5,35.44,0.3,,94.2,6.0,4.4,3.1,4.4,,16.0,30.3,,Kazakhstan,2.13,64.9,37.54,17.2,14.6,3.72,0.17,0.0,73.1,0.2,1.4,61.6,63.8,59.2,3.21,22.2,100.0,99.0,70.0,3.2,0.12,,21.2,5.4,9.6,99.0,82.0,4.3,≥80 ,73,98.0,10.0,12.2,0,70.3,73.9,66.4,0.45,,,,,,,Kazakhstan,KAZ,PIB par habitant ($ US courants),NY.GDP.PCAP.CD,10196.1226255982,7475.56688689424,8943.08416791984,9472.48527327758,9457.12614657136,8781.50797787648,9983.60103576902,11255.3396437881,12879.4275257974,14005.3487362345
Kenya,KEN,4.3,8.65,32.2,12.33,153.6,,31.6,23.0,5.8,4.5,17.9,38.0,38.0,11.2,31.0,Kenya,0.25,22.73,2.89,45.8,4.6,5.19,1.4,0.6,79.3,0.4,1.5,58.2,59.2,57.3,0.21,10.7,89.0,93.0,223.0,29.0,0.31,59.53,18.0,2.5,39.9,76.0,133.0,21.5,53,57,91.0,379.0,28.2,9 778 105,66.8,69.2,64.4,3.75,33.0,,21.4,63.6,,,Kenya,KEN,PIB par habitant ($ US courants),NY.GDP.PCAP.CD,1489.11959777284,1554.12610314423,1667.48447230835,1836.45275528993,1960.40808854893,1927.66459027849,2061.35622089594,2109.56288513137,1952.30457929636,2206.1349785176
Kyrgyzstan,KGZ,9.9,7.55,32.9,39.65,28.9,76.0,79.6,13.0,4.7,3.0,11.0,100.0,23.0,21.9,93.0,Kyrgyzstan,1.56,40.76,15.68,29.0,6.8,4.91,0.83,0.0,64.6,0.2,0.7,63.4,65.5,61.3,0.25,27.3,100.0,86.0,112.0,2.3,0.11,,18.8,3.9,17.0,93.0,124.0,10.8,69,49,91.0,42.0,13.3,2 169 854,72.2,75.8,68.5,4.23,46.0,,,,,0.0,République kirghize,KGZ,PIB par habitant ($ US courants),NY.GDP.PCAP.CD,1105.65193844261,1103.27489428412,1221.39046807082,1283.5203037417,1421.99927504102,1229.51766602907,1349.99730650542,1739.72018344174,2138.22210211478,2419.26553574523
Cambodia,KHM,5.7,6.99,38.0,18.35,208.1,29.0,58.0,9.0,1.8,9.6,22.0,83.0,19.0,,37.0,Cambodia,0.31,10.08,2.11,48.0,4.5,17.86,4.92,0.1,59.5,0.2,0.4,60.6,62.0,59.3,0.46,17.2,99.0,85.0,335.0,17.1,<0.1,0.49,22.6,5.4,22.9,64.0,162.0,11.8,58,64,82.0,137.0,18.8,4 716 388,68.9,71.5,66.4,5.71,91.0,,81.3,73.5,,,Cambodge,KHM,PIB par habitant ($ US courants),NY.GDP.PCAP.CD,1547.32010444393,1675.19555711109,1826.35391688754,2036.67377566578,2225.87705485686,2081.73914242939,2167.40324198499,2325.03050040841,2429.74853452838,2627.8796974226
Kiribati,KIR,2.1,9.71,26.9,7.98,5.8,14.0,16.4,25.0,4.5,3.5,14.7,56.0,53.0,32.9,25.0,Kiribati,0.68,36.28,,50.6,17.5,,,1.8,53.1,1.6,1.7,53.6,55.5,51.8,0.25,39.7,92.0,90.0,533.0,37.4,No data,,44.1,1.0,55.1,47.0,248.0,22.4,48,42,91.0,80.0,6.2,128 779,60.9,64.0,57.8,43.62,54.0,,,,,,Kiribati,KIR,PIB par habitant ($ US courants),NY.GDP.PCAP.CD,1639.85274740652,1742.66799324117,1853.05122713319,1912.73809378187,1750.9977188915,1751.7823197053,2222.04829512346,2069.76720110559,2177.70114080416,2288.63458265531
Saint Kitts and Nevis,KNA,,5.91,19.4,7.62,,,100.0,,,,,,,,,Saint Kitts and Nevis,2.55,65.81,30.85,,,,,,,0.1,,,,,,,100.0,96.0,2.5,,No data,,,7.0,16.3,94.0,,10.3,79,68,,74.0,23.1,286,,,,,64.0,,,,,,Saint-Kitts-et-Nevis,KNA,PIB par habitant ($ US courants),NY.GDP.PCAP.CD,20328.8003530109,21387.5415511103,22464.9899633959,22901.3816403197,23595.4923231291,18859.0190361046,18361.1449697886,20985.0112160159,22600.4502299468,22771.4168922033
Republic of Korea,KOR,5.5,14.08,15.7,24.38,,99.0,100.0,8.0,0.7,0.2,1.8,,,99.4,99.0,Republic of Korea,5.41,90.86,26.1,0.4,27.5,11.96,2.87,0.0,74.1,0.1,0.2,72.5,74.1,70.7,8.04,20.0,100.0,98.0,38.0,5.2,No data,0.18,6.9,8.4,2.8,96.0,19.0,1.2,≥80 ,99,97.0,4.0,6.9,3,83.8,86.7,80.7,,65.0,,45.7,38.8,,,"Corée, République de",KOR,PIB par habitant ($ US courants),NY.GDP.PCAP.CD,28737.4391706499,29280.4403170048,31600.7358741365,33447.1562836166,31902.4169048194,31721.2989141857,35125.5224984723,32394.6833725203,33121.3712885508,
Kuwait,KWT,10.1,9.4,27.7,67.22,,100.0,100.0,,1.7,3.5,4.5,,,100.0,100.0,Kuwait,8.1,45.45,22.73,0.4,2.3,,,0.0,,0.0,0.4,67.8,68.4,67.5,9.0,19.9,99.0,99.0,9.7,0.8,<0.1,,9.3,0.1,8.8,91.0,45.0,4.8,78,97,99.0,8.0,9.2,17,79.0,81.8,77.3,,,,59.1,45.5,,,Koweït,KWT,PIB par habitant ($ US courants),NY.GDP.PCAP.CD,29882.2126867068,27323.6890643847,29047.6535822842,32067.9623689512,31707.8737464917,25236.0755520534,34018.6342879647,39981.7690981957,34075.8490439847,32213.8622292316
Lao People's Democratic Republic,LAO,3.7,4.25,28.6,24.19,63.0,18.0,11.1,8.0,6.4,10.7,29.9,,19.0,10.3,61.0,Lao People's Democratic Republic,0.76,10.27,3.31,89.0,4.6,8.4,4.12,,72.3,0.7,0.3,60.4,61.6,59.3,2.27,27.2,80.0,84.0,132.0,20.5,0.18,0.29,26.5,11.2,39.0,68.0,196.0,20.0,52,55,81.0,112.0,16.4,2 025 831,68.2,70.5,66.1,6.89,44.0,,55.9,52.6,,,République démocratique populaire lao,LAO,PIB par habitant ($ US courants),NY.GDP.PCAP.CD,2121.01339097363,2303.22156035363,2432.43059478511,2545.1075420815,2589.32081035237,2583.77730696131,2526.05105018529,2046.40440255621,2066.94979776957,2123.97909411797
Lebanon,LBN,4.5,15.5,34.0,24.36,116.5,48.0,0.0,,5.3,1.3,10.1,,,,26.0,Lebanon,12.5,19.18,26.8,,0.7,,,,,0.1,0.2,63.2,64.4,62.1,16.3,34.3,,55.0,10.0,2.4,<0.1,,11.9,1.6,18.3,53.0,,11.1,73,70,65.0,15.0,9.7,134,74.3,77.5,71.2,17.53,,,52.5,37.2,,,Liban,LBN,PIB par habitant ($ US courants),NY.GDP.PCAP.CD,7714.1099998804,8089.012088155,8608.21084982387,9174.53666204759,8905.88005497437,5561.19166950397,4045.37391066234,3654.35845534878,3477.72489842684,
Liberia,LBR,6.1,4.79,42.5,40.53,21.3,,0.8,27.0,9.4,3.4,26.9,3.0,43.0,,,Liberia,0.02,10.07,1.78,130.8,6.0,6.75,1.13,6.1,47.5,4.7,0.8,54.0,53.4,54.5,0.32,8.2,84.0,82.0,308.0,34.6,0.15,186.8,22.0,2.8,72.9,60.0,155.0,29.6,45,48,80.0,628.0,15.3,3 762 030,63.5,64.3,62.6,10.82,40.0,,,,,,Libéria,LBR,PIB par habitant ($ US courants),NY.GDP.PCAP.CD,692.590082351257,714.613063145659,699.269095727404,692.203127129794,658.164180770507,616.787867006715,667.96610514319,744.617175237387,799.194470229642,846.277368387389
Libya,LBY,4.7,5.06,29.3,28.26,5.6,,0.0,,2.1,3.5,9.2,,,,24.0,Libya,5.8,63.77,20.42,,5.0,,,,,0.4,0.9,62.1,62.5,61.7,4.1,,,73.0,59.0,2.2,No data,,19.8,0.0,30.8,72.0,,5.7,62,38,73.0,59.0,34.0,451,72.2,74.2,70.2,2.43,54.0,,,,,,Libye,LBY,PIB par habitant ($ US courants),NY.GDP.PCAP.CD,7458.48917756374,7525.80299308216,9965.83236729757,11196.5854810844,9963.19489084483,6650.33810585348,4935.82787349801,5986.63694851258,6172.81246940233,6318.40314031017
Saint Lucia,LCA,6.8,9.0,19.9,8.94,0.6,,92.1,,20.1,,2.8,,,,,Saint Lucia,1.76,53.43,42.34,23.9,5.3,6.17,1.77,0.8,,0.2,0.1,61.8,63.6,60.1,4.48,13.8,100.0,74.0,1.3,5.8,No data,,15.5,11.4,15.5,83.0,28.0,10.0,77,61,,44.0,8.9,75,71.1,74.5,68.0,16.48,81.0,,,,,,Sainte-Lucie,LCA,PIB par habitant ($ US courants),NY.GDP.PCAP.CD,10334.9860823918,10638.1269396653,11333.1123822102,11642.6984727769,11794.0597229805,8411.07474936367,10459.1321248092,13103.8243147472,13554.7684784933,14181.6303351598
Sri Lanka,LKA,0.9,9.49,20.9,24.79,40.2,47.0,35.4,4.0,1.8,9.3,10.1,85.0,24.0,,,Sri Lanka,0.96,22.58,11.36,16.2,14.7,5.44,0.9,0.0,74.3,0.3,0.2,66.7,68.3,65.1,1.09,19.5,100.0,99.0,62.0,4.8,<0.01,0.0,13.9,2.7,6.1,99.0,92.0,4.1,67,66,,18.0,11.5,94 495,77.2,80.1,74.2,0.96,25.0,,51.3,58.8,,,Sri Lanka,LKA,PIB par habitant ($ US courants),NY.GDP.PCAP.CD,4057.7158346231,4149.19190775593,4398.88828068715,4358.56095906047,4081.94772722003,3847.60137695639,3996.96240014909,3342.63650253855,3798.89016573011,4515.56787322732
Lesotho,LSO,7.5,13.12,34.2,18.55,14.1,28.0,53.8,16.0,38.9,1.6,35.0,6.0,40.0,3.0,48.0,Lesotho,0.37,17.56,2.35,53.2,28.7,,,0.9,82.8,1.2,3.5,44.6,46.4,43.1,1.12,24.3,89.0,87.0,664.0,108.1,3,,36.3,3.8,58.9,82.0,291.0,28.7,53,42,87.0,478.0,21.6,387 421,51.5,54.6,48.7,5.11,64.0,,,,,,Lesotho,LSO,PIB par habitant ($ US courants),NY.GDP.PCAP.CD,1121.19851342518,992.491840678465,1069.36673247542,1170.65569702819,1082.05706777516,918.582577421982,1066.58643600093,1030.12579628833,916.282970463888,971.814620468788
Lithuania,LTU,4.6,13.03,23.7,11.67,,95.0,100.0,5.0,4.2,4.9,1.6,,22.0,95.8,95.0,Lithuania,16.84,78.43,61.04,6.0,22.1,,,0.0,,0.1,1.2,64.2,67.0,61.4,12.39,31.4,100.0,90.0,28.0,2.6,<0.1,,19.8,12.2,3.4,86.0,39.0,1.9,75,87,82.0,8.0,6.3,89,74.1,78.6,69.6,,43.0,,9.4,17.0,,,Lituanie,LTU,PIB par habitant ($ US courants),NY.GDP.PCAP.CD,14269.8039878287,14934.2702840428,16800.1510246099,19247.2315367967,19608.7943945553,20428.6478157394,23870.4594851722,25085.784063499,27786.0057829276,29386.2878350187
Luxembourg,LUX,,11.02,15.4,9.11,,100.0,100.0,4.0,0.5,,,,20.0,98.8,96.0,Luxembourg,9.74,137.21,29.84,2.8,8.2,4.34,0.22,0.0,,0.1,0.1,71.2,71.7,70.8,6.97,23.0,,99.0,7.3,1.9,<0.1,,7.8,10.8,2.3,90.0,13.0,1.6,≥80 ,67,96.0,12.0,3.9,3,82.8,84.8,80.8,,14.0,,4.7,10.9,,,Luxembourg,LUX,PIB par habitant ($ US courants),NY.GDP.PCAP.CD,105462.012584423,106899.293549552,110193.213797228,116926.759593905,112696.649059674,116860.02817236,134965.815442152,123719.658915996,131407.681364513,137516.587324367
Latvia,LVA,6.6,12.06,21.4,14.13,,97.0,100.0,6.0,4.5,1.7,1.7,,25.0,96.5,,Latvia,7.08,43.74,33.98,8.7,15.2,21.41,5.7,0.0,,0.3,0.8,63.8,66.7,60.8,8.54,33.9,98.0,98.0,16.0,2.6,0.15,,22.7,14.7,3.0,92.0,40.0,1.5,75,68,95.0,19.0,9.8,7,73.2,77.9,68.5,,71.0,,3.8,16.2,2.1,,Lettonie,LVA,PIB par habitant ($ US courants),NY.GDP.PCAP.CD,13321.9753140616,13838.5266823272,15132.4958333982,17252.1710428626,17294.9751600969,17564.2321549354,20261.8887788916,20227.2307431581,22675.5786295407,23367.5986788961
Macao,MAC,,,,,,,,,,,,,,85.2,,Macao,,,,0.3,,,,0.0,,,,,,,,,,,51.0,,,,,,,,,,,,,,0.0,,,,,,,,,,,,"Région administrative spéciale de Macao, Chine",MAC,PIB par habitant ($ US courants),NY.GDP.PCAP.CD,70070.2918001631,69074.0363049212,77704.9215312666,83761.8171798142,81967.699172769,36976.2561071429,45376.314586156,36909.9564090312,67476.5290813306,73046.8890267079
Morocco,MAR,4.2,6.82,29.5,13.73,141.1,75.0,98.1,10.0,1.5,2.4,13.7,,,75.3,61.0,Morocco,1.4,8.69,7.4,21.8,2.9,8.2,0.9,0.0,72.0,0.2,0.7,62.3,61.8,62.8,2.7,13.0,87.0,99.0,92.0,4.6,<0.1,0.0,22.0,0.6,16.6,99.0,66.0,10.2,69,75,98.0,70.0,18.6,2405,72.6,73.7,71.5,1.14,,7.1,23.6,46.1,,,Maroc,MAR,PIB par habitant ($ US courants),NY.GDP.PCAP.CD,3146.24780273438,3140.85546875,3296.52661132813,3501.69799804688,3508.09765625,3268.0302734375,3785.93627929688,3455.39624023438,3771.4462890625,3993.38745117188
Monaco,MCO,,12.04,15.9,9.21,,100.0,100.0,,,,,,,93.9,100.0,Monaco,9.19,,86.09,,,,,,,0.2,,,,,23.36,,,99.0,0.99,,No data,,,,2.7,80.0,,1.5,≥80 ,79,,5.0,0.0,0,,,,,,,,,,,Monaco,MCO,PIB par habitant ($ US courants),NY.GDP.PCAP.CD,170437.101188261,173604.753555915,170663.375247872,188298.315668437,193746.785647412,176891.886538492,223823.363960226,226052.001905201,256580.515122745,
Republic of Moldova,MDA,4.1,12.35,28.5,12.74,21.1,75.0,98.3,9.0,4.6,,4.2,,27.0,41.4,,Republic of Moldova,4.98,63.17,40.16,22.9,14.1,14.15,2.48,0.1,59.5,0.2,4.1,61.2,63.6,58.8,1.06,29.7,100.0,87.0,76.0,3.6,0.3,,24.7,14.1,14.7,93.0,67.0,10.8,71,62,85.0,19.0,9.1,0,69.6,73.6,65.5,2.43,44.0,,23.8,71.9,2.2,21.7,Moldova,MDA,PIB par habitant ($ US courants),NY.GDP.PCAP.CD,2749.55137054338,2847.08794770479,3453.26727720294,4156.44981956646,4405.33418162155,4375.7788930524,5274.60582195352,5744.29618434435,6799.58594644576,7617.51613089815
Madagascar,MDG,2.3,5.74,37.2,18.43,37.7,22.0,1.6,,6.1,7.2,38.4,23.0,,10.9,12.0,Madagascar,0.08,2.81,1.72,143.0,6.1,,,7.1,64.7,2.1,1.4,55.1,55.2,55.1,0.01,26.8,46.0,65.0,233.0,40.1,No data,200.02,25.9,0.9,64.8,47.0,209.0,23.8,35,59,73.0,445.0,22.5,21 278 009,62.9,64.0,61.9,5.49,,,,,,,Madagascar,MDG,PIB par habitant ($ US courants),NY.GDP.PCAP.CD,445.320069480568,453.970714522463,491.866848718929,500.45718552916,499.818837622534,450.771615201509,483.469463351371,503.514533472879,508.718427705736,544.997302693127
Maldives,MDV,3.0,18.17,43.4,12.69,10.1,,99.8,6.0,2.1,9.1,14.2,,19.0,,,Maldives,1.02,50.17,22.35,8.3,1.5,10.27,4.07,0.1,29.2,0.2,0.1,66.7,66.4,66.8,7.01,26.3,100.0,99.0,40.0,2.3,No data,,9.0,1.6,5.7,99.0,32.0,3.9,61,58,,32.0,1.3,3417,75.4,76.6,74.5,0.99,61.0,,,,,,Maldives,MDV,PIB par habitant ($ US courants),NY.GDP.PCAP.CD,9644.90655028145,9947.80744731739,10509.628805812,11423.2838427029,11740.2724029785,7393.8886543933,10176.143882547,11786.0091545343,12530.3602359683,13215.5353637008
Mexico,MEX,7.4,10.39,13.2,18.43,60.4,43.0,85.1,10.0,28.2,1.0,13.1,94.0,24.0,64.1,63.0,Mexico,1.18,30.28,25.88,39.9,7.0,4.44,1.22,0.8,83.2,0.0,0.4,61.4,63.5,59.5,,14.9,88.0,85.0,29.0,3.5,0.15,0.02,16.3,6.0,12.5,74.0,45.0,7.6,75,79,78.0,42.0,12.0,279 519,70.8,74.7,67.2,0.06,62.0,,,,,,Mexique,MEX,PIB par habitant ($ US courants),NY.GDP.PCAP.CD,10021.2386124039,9097.92397674769,9649.27816772402,10084.7937553679,10369.5553585271,8841.2707511328,10314.0506725979,11402.1410374782,13826.1306570122,14157.9445835849
Marshall Islands,MHL,4.6,6.65,23.5,7.55,8.0,,64.8,19.0,,3.5,30.0,,38.0,,,Marshall Islands,1.59,43.05,,,,,,,,0.4,,,,,,29.8,92.0,85.0,692.0,,No data,,,,28.2,61.0,,13.0,59,55,62.0,155.0,11.9,19 594,,,,29.7,27.0,,,,,,Îles Marshall,MHL,PIB par habitant ($ US courants),NY.GDP.PCAP.CD,3764.34426229508,4229.80988911945,4592.83457628576,4858.12079054875,5292.33985502306,5661.96787336674,6258.61193705127,6322.82855503156,6678.34239060448,7466.65186507409
North Macedonia,MKD,12.3,12.36,21.5,28.67,14.1,80.0,81.3,4.0,1.1,3.4,3.8,100.0,13.0,4.9,12.0,North Macedonia,9.24,55.15,29.44,14.0,5.8,9.73,1.5,0.3,29.6,0.1,1.1,63.7,64.6,62.9,5.95,,100.0,86.0,10.0,1.0,<0.1,,19.6,5.8,3.3,88.0,96.0,1.4,74,62,56.0,3.0,5.7,0,73.0,75.2,70.9,1.73,40.0,,53.8,60.0,,,Macédoine du Nord,MKD,PIB par habitant ($ US courants),NY.GDP.PCAP.CD,5262.68671928674,5598.48622617967,5955.2973863451,6713.98925398989,6718.85826635458,6659.59651070776,7620.80296977508,7606.2375253797,8624.28400232117,9310.02790015256
Mali,MLI,1.3,5.69,56.5,45.06,77.5,,1.3,18.0,10.0,5.4,23.2,17.0,29.0,6.3,16.0,Mali,0.01,2.68,1.88,144.8,4.2,1.7,0.12,5.0,41.2,4.6,1.2,53.6,53.1,54.0,0.75,8.0,66.0,77.0,48.0,66.1,0.24,346.22,23.0,3.6,91.3,59.0,174.0,32.4,41,46,77.0,367.0,20.2,11 060 297,61.7,62.3,61.1,7.24,,,13.6,60.9,,0.0,Mali,MLI,PIB par habitant ($ US courants),NY.GDP.PCAP.CD,838.11986940103,872.468587171653,924.057531692284,996.379292136901,971.949318638092,953.242943290974,1027.27345365357,969.72220560562,1035.86242628411,1086.1762176779
Malta,MLT,10.1,16.21,15.7,12.94,,100.0,100.0,4.0,0.9,0.4,3.5,,17.0,7.0,88.0,Malta,5.11,82.44,45.13,10.1,6.5,15.94,2.75,0.0,,0.2,0.1,70.7,71.0,70.4,15.26,24.7,100.0,98.0,15.0,4.6,<0.1,,9.8,6.2,5.5,95.0,21.0,3.7,≥80 ,69,97.0,8.0,1.9,0,81.8,83.7,80.0,,73.0,,19.9,13.4,,,Malte,MLT,PIB par habitant ($ US courants),NY.GDP.PCAP.CD,25529.6813131565,26459.0772054811,30317.2443357939,33382.2677502638,32421.9179753188,31833.596382464,38065.354346575,36224.2819955817,40182.4313854634,42347.3073860173
Myanmar,MMR,0.6,2.55,39.7,27.75,30.4,57.0,53.5,11.0,3.9,7.4,24.5,75.0,19.0,15.2,61.0,Myanmar,0.72,2.05,7.57,,2.9,12.71,3.47,,74.9,1.1,0.9,59.8,61.7,57.9,0.8,44.4,60.0,76.0,558.0,12.9,0.19,17.96,24.0,1.9,38.7,65.0,178.0,20.6,52,64,78.0,185.0,19.3,19 836 694,67.8,71.1,64.7,2.41,77.0,,66.7,90.9,,,Myanmar,MMR,PIB par habitant ($ US courants),NY.GDP.PCAP.CD,1166.73305546337,1229.19713515893,1272.82241830603,1298.21310320785,1425.98954211903,1490.21683548367,1242.72134419599,1158.05005034332,1233.19666209269,1359.25961394135
Montenegro,MNE,8.6,16.25,25.8,17.93,11.9,85.0,61.4,4.0,2.6,2.2,8.0,99.0,16.0,31.1,57.0,Montenegro,0.58,60.8,27.83,8.7,11.3,10.27,0.78,0.0,32.9,0.7,0.3,65.1,66.8,63.5,2.75,32.0,99.0,81.0,14.0,1.8,<0.1,,18.0,8.0,2.6,69.0,115.0,1.0,72,55,,6.0,9.1,0,74.7,77.9,71.6,14.27,19.0,,,,,,Monténégro,MNE,PIB par habitant ($ US courants),NY.GDP.PCAP.CD,6491.19280618646,6999.1358134109,7758.36921956034,8790.88152116679,8842.48528706869,7612.62845881291,9377.48879714989,9990.20444616996,12077.3747094687,12935.4522712126
Mongolia,MNG,12.3,9.25,19.1,50.62,64.6,39.0,55.8,12.0,5.3,2.7,7.1,86.0,27.0,53.2,66.0,Mongolia,5.41,42.17,41.3,17.0,18.5,14.03,3.46,0.1,63.6,0.5,3.0,61.3,63.9,58.8,11.11,29.5,100.0,96.0,491.0,3.2,<0.1,,26.3,7.7,13.6,96.0,215.0,7.4,65,60,96.0,41.0,12.4,0,70.1,73.9,66.4,2.79,,,,,0.3,,Mongolie,MNG,PIB par habitant ($ US courants),NY.GDP.PCAP.CD,3838.92126989984,3619.90026383792,3645.96708669551,4107.64288528468,4347.54610314873,4001.25193077703,4517.61578018785,4993.51487463495,5838.63108083902,6691.48209834228
Mozambique,MOZ,4.4,8.04,47.0,17.51,150.3,,7.4,16.0,3.3,3.8,37.0,,30.0,21.7,,Mozambique,0.11,9.34,1.75,158.0,10.6,3.58,0.97,7.0,52.1,0.6,1.5,49.7,50.8,48.7,0.15,,68.0,70.0,361.0,45.6,2.6,275.2,26.6,1.9,61.7,44.0,230.0,25.4,44,53,55.0,82.0,20.1,23 744 174,57.7,60.5,54.8,7.83,57.0,,6.7,64.3,,,Mozambique,MOZ,PIB par habitant ($ US courants),NY.GDP.PCAP.CD,610.563774706589,441.489734819071,470.93856305196,517.507260258101,519.09255091362,462.433876479921,509.907829475551,578.251663751351,622.985619320596,647.28579950207
Mauritania,MRT,1.6,6.28,54.5,51.29,57.3,,49.4,,10.6,13.6,21.5,42.0,,,,Mauritania,0.31,16.09,2.61,89.6,2.7,,,6.3,26.9,3.4,0.5,60.4,59.8,61.1,0.2,9.5,70.0,90.0,74.0,37.8,<0.1,38.34,18.7,0.0,37.8,24.0,130.0,21.5,40,29,90.0,381.0,9.5,946 623,68.9,69.4,68.4,4.84,14.0,,,,,,Mauritanie,MRT,PIB par habitant ($ US courants),NY.GDP.PCAP.CD,1554.94897871782,1565.76575722696,1615.00401327323,1722.93528854073,1767.072710621,1795.76459566714,1947.78918383313,1960.35240077424,2120.82318421747,2082.78374423714
Mauritius,MUS,4.8,9.39,32.8,10.48,66.2,,99.1,,2.2,,7.8,,,26.9,,Mauritius,3.24,40.48,14.36,20.8,10.5,8.2,1.9,0.4,,0.4,0.8,63.6,65.6,61.8,0.32,20.9,100.0,96.0,12.0,5.5,0.86,,21.7,7.7,15.2,94.0,31.0,9.0,66,46,91.0,66.0,9.7,6299,73.4,76.9,70.1,9.12,26.0,,39.4,60.4,,,Maurice,MUS,PIB par habitant ($ US courants),NY.GDP.PCAP.CD,9507.87133656424,9965.72531085228,10841.6847754844,11643.4605962124,11403.2527870674,9011.04288445023,9068.97300226707,10223.7882316574,11182.186568616,11871.733679438
Malawi,MWI,4.4,3.29,32.4,20.18,135.3,18.0,1.5,17.0,1.9,2.6,33.2,15.0,30.0,6.4,46.0,Malawi,0.05,5.07,0.54,135.6,7.6,2.91,0.41,2.0,77.3,1.4,1.1,54.7,55.9,53.5,0.06,9.7,96.0,91.0,119.0,30.8,0.61,227.92,24.9,1.7,38.3,65.0,150.0,18.8,48,58,91.0,225.0,20.2,10 944 581,62.5,65.3,59.7,9.11,27.0,,,,,,Malawi,MWI,PIB par habitant ($ US courants),NY.GDP.PCAP.CD,539.605363240686,450.506105510719,495.769683367165,533.203173686705,580.889816066776,602.507478176106,617.447520802454,604.269751184515,602.343619809252,508.371273531708
Malaysia,MYS,5.3,8.01,31.3,23.74,1.8,94.0,83.8,,2.6,11.0,24.3,,19.0,90.6,86.0,Malaysia,4.06,40.54,23.41,6.0,5.7,1.52,0.13,0.0,49.6,0.1,0.7,63.9,65.1,63.0,6.26,22.0,100.0,97.0,122.0,14.4,<0.1,0.0,19.9,0.8,8.1,96.0,80.0,4.1,76,87,95.0,26.0,13.9,111 680,72.8,75.3,70.6,0.05,0.0,,,,,,Malaisie,MYS,PIB par habitant ($ US courants),NY.GDP.PCAP.CD,9648.6797937523,9476.53409809923,9862.54806612235,10901.8019954421,10920.191763972,9957.52626697613,10903.1116425938,11748.0919307944,11379.0851923557,11867.2586435443
Namibia,NAM,5.8,11.74,24.9,13.13,5.5,,48.0,16.0,17.9,,16.4,,27.0,,,Namibia,0.78,53.86,5.53,22.4,8.6,1.52,0.32,0.3,,0.4,1.4,52.8,54.6,51.0,2.27,14.1,,83.0,468.0,28.8,2.2,8.24,23.1,12.0,40.7,62.0,143.0,24.1,63,64,83.0,139.0,22.0,387 962,60.4,63.4,57.3,2.52,,,0.0,18.2,,,Namibie,NAM,PIB par habitant ($ US courants),NY.GDP.PCAP.CD,4774.10650865775,4395.68776162376,5143.96072323076,5308.60813408705,4731.9210318831,3878.58982993966,4412.8355693052,4349.79908493314,4187.60500350786,4413.1274418646
Niger,NER,2.6,7.11,47.1,55.52,66.6,,5.1,13.0,9.4,10.9,48.3,25.0,,6.8,8.0,Niger,0.01,4.21,0.38,150.3,4.5,6.52,0.91,3.0,38.2,3.4,1.6,52.6,52.4,52.8,0.02,7.7,44.0,85.0,74.0,70.3,<0.1,305.14,20.2,0.2,114.8,68.0,220.0,33.8,35,55,85.0,350.0,24.9,6 194 250,60.0,60.9,59.0,4.95,,,,,,,Niger,NER,PIB par habitant ($ US courants),NY.GDP.PCAP.CD,485.662574175279,502.706475406446,521.804130023434,578.568035680892,561.691304349698,579.512495758236,608.722439593808,609.745147661683,638.336080723299,722.748650326257
Nigeria,NGA,1.6,4.31,37.9,55.33,130.4,29.0,26.2,13.0,8.8,11.6,33.8,31.0,24.0,40.7,32.0,Nigeria,0.23,16.47,3.8,74.6,5.0,15.79,4.09,1.9,41.9,2.9,1.1,54.9,55.0,54.9,0.82,3.3,51.0,62.0,219.0,71.7,0.34,299.0,17.7,2.3,104.9,38.0,175.0,33.7,38,57,60.0,993.0,17.2,92 474 258,63.4,64.8,62.1,2.59,27.0,,65.1,,,,Nigéria,NGA,PIB par habitant ($ US courants),NY.GDP.PCAP.CD,2585.73360671797,2070.4127339595,1876.34027111773,2057.87944554011,2265.15520863056,2019.65706326224,2017.27486481527,2139.37478476974,1596.63696129001,806.945695055244
Nicaragua,NIC,,17.83,,16.73,78.9,,59.6,6.0,9.2,,,,23.0,29.3,,Nicaragua,0.41,15.69,6.82,71.3,4.2,,,4.7,,0.1,0.1,64.6,66.1,63.1,,,94.0,89.0,43.0,3.5,<0.1,1.42,12.6,3.9,13.4,95.0,85.0,8.4,70,62,90.0,60.0,13.6,1 892 977,75.0,77.7,72.3,10.98,,,,,7.4,,Nicaragua,NIC,PIB par habitant ($ US courants),NY.GDP.PCAP.CD,2074.45620634731,2131.68704828322,2182.61380995674,2035.16549390507,1958.62051528095,1938.44704754382,2138.38588469449,2322.89053964583,2609.44492072931,2847.53966339498
Netherlands,NLD,5.4,15.92,16.5,10.88,,100.0,100.0,5.0,0.6,,1.6,,21.0,99.8,97.0,Netherlands,5.67,116.65,38.76,2.2,11.5,,,0.0,,0.1,0.1,70.0,69.9,70.0,2.17,21.3,,92.0,4.5,3.4,No data,,9.9,8.7,4.0,81.0,13.0,2.6,≥80 ,85,88.0,4.0,3.4,60,81.1,82.6,79.6,,60.0,13.8,2.3,7.6,,,Pays-Bas,NLD,PIB par habitant ($ US courants),NY.GDP.PCAP.CD,45793.8135434697,46808.5291492503,49513.6817346384,53955.0770024266,53554.9007491475,53467.9277413737,60141.9880911492,59123.318556487,64572.0059558854,68218.7261019406
Norway,NOR,,17.75,16.3,7.19,,99.0,100.0,4.0,0.6,,,,20.0,74.0,78.0,Norway,8.79,165.09,49.75,1.4,13.2,,,0.0,,0.0,0.3,71.2,71.1,71.2,2.81,14.2,99.0,96.0,2.9,3.6,No data,,7.8,7.5,2.4,94.0,8.0,1.3,≥80 ,95,95.0,1.0,1.5,12,82.9,84.3,81.5,,94.0,,,,,,Norvège,NOR,PIB par habitant ($ US courants),NY.GDP.PCAP.CD,74809.9658049898,70867.3609970749,76131.8384032764,82792.8427113304,76430.5889473338,68340.0181033702,93072.8925119571,109269.520580298,87497.3289297342,86809.7246897431
Nepal,NPL,1.8,8.01,33.2,36.92,106.0,16.0,42.7,11.0,2.3,7.0,26.0,64.0,27.0,29.6,51.0,Nepal,1.64,40.92,10.11,71.2,10.1,10.66,2.1,0.0,55.1,0.2,2.9,60.2,60.7,59.8,2.25,28.3,80.0,94.0,229.0,17.8,<0.1,0.0,19.4,3.7,26.5,89.0,180.0,16.6,54,49,88.0,142.0,28.2,14 786 109,70.0,71.8,68.3,3.65,,,83.3,77.1,,,Népal,NPL,PIB par habitant ($ US courants),NY.GDP.PCAP.CD,875.543635474862,877.256454696737,1034.28374906846,1179.19843190389,1203.14294706401,1154.21517578318,1252.75076731986,1385.91066274851,1382.33055769304,1447.31004458428
Nauru,NRU,8.2,11.83,22.5,7.4,0.0,,100.0,20.0,,1.3,16.0,,43.0,35.5,,Nauru,3.45,73.04,12.73,56.1,,,,,,0.5,,,,,1.82,48.3,98.0,99.0,174.0,,No data,,,3.0,8.9,99.0,,4.8,60,47,97.0,273.0,8.0,12 797,,,,222.11,,,,,,,Nauru,NRU,PIB par habitant ($ US courants),NY.GDP.PCAP.CD,7703.43149943923,8724.30700255019,9613.41209082575,11408.6947593898,10776.8284610316,10695.6993301601,14989.6647450751,12896.4341046481,12754.1867566585,13421.8330584638
New Zealand,NZL,,19.75,12.4,8.69,,100.0,100.0,4.0,1.2,,,,23.0,84.5,89.0,New Zealand,5.09,123.04,36.11,11.0,11.9,,,0.1,,0.8,0.2,70.0,70.3,69.6,7.09,12.2,96.0,88.0,6.6,2.1,<0.01,,10.3,9.2,4.7,84.0,12.0,2.7,≥80 ,85,86.0,7.0,6.6,0,82.2,84.0,80.4,,66.0,,,,,,Nouvelle-Zélande,NZL,PIB par habitant ($ US courants),NY.GDP.PCAP.CD,38665.3723018158,40113.7195382428,42950.3841711138,43257.0769238879,42779.2298164101,41850.92032802,49689.498134519,48760.0381935936,48654.904227478,48747.0136853042
Oman,OMN,8.8,8.31,34.4,35.76,,91.0,100.0,,0.8,9.3,12.9,,,,,Oman,3.59,46.61,19.92,5.1,0.9,,,0.0,,0.1,0.0,63.2,63.6,62.7,7.01,8.4,100.0,99.0,11.0,1.6,<0.1,0.0,14.6,0.7,10.4,99.0,104.0,4.7,70,76,99.0,13.0,11.0,2246,72.5,74.9,70.9,,,,28.6,78.2,,,Oman,OMN,PIB par habitant ($ US courants),NY.GDP.PCAP.CD,18808.3077921839,17110.1897460545,17820.0661809335,19901.7615642016,19180.1864152801,16784.8630630058,19403.4600160211,23223.5829405935,20972.4830886637,20248.4168124608
Pakistan,PAK,2.1,5.55,46.5,51.59,426.7,51.0,54.9,16.0,6.6,7.1,33.6,85.0,29.0,,,Pakistan,1.16,5.2,11.6,41.0,5.6,5.39,1.02,,48.5,0.9,0.1,56.9,56.7,57.1,2.0,18.9,68.0,86.0,277.0,38.8,No data,17.61,25.5,0.1,58.5,80.0,195.0,37.6,45,52,86.0,155.0,11.9,27 745 571,66.0,66.9,65.1,1.38,,,67.1,83.5,,,Pakistan,PAK,PIB par habitant ($ US courants),NY.GDP.PCAP.CD,1380.47020838317,1424.69161195897,1519.23459514248,1569.33814626355,1390.41690981745,1278.39735206896,1455.31922370186,1538.3228133171,1365.16927410976,1484.74985864775
Panama,PAN,10.9,22.23,25.5,11.89,0.4,,100.0,8.0,20.3,1.1,14.0,,16.0,,,Panama,2.8,33.45,16.25,51.9,3.3,6.2,0.65,2.0,,0.1,0.2,66.7,68.3,65.3,2.18,5.2,93.0,66.0,58.0,4.2,0.35,3.18,10.9,6.3,13.3,73.0,17.0,6.6,78,68,69.0,37.0,7.3,58 388,77.2,80.3,74.4,0.67,66.0,,,,,,Panama,PAN,PIB par habitant ($ US courants),NY.GDP.PCAP.CD,14082.6548502728,14832.3611608191,15694.6297454295,16151.3273478476,16477.9066285687,13290.5608347594,15509.8069109784,17332.4360742988,18686.4050961265,19102.8521936399
Peru,PER,9.0,16.7,21.0,31.74,28.5,52.0,91.8,11.0,6.2,0.6,10.6,,38.0,52.4,58.0,Peru,2.15,27.38,16.88,29.3,1.5,12.59,2.0,1.0,67.2,0.1,0.8,63.0,64.5,61.6,1.65,7.1,95.0,84.0,173.0,7.6,0.19,2.19,12.3,6.8,15.8,66.0,39.0,7.8,71,40,80.0,51.0,12.7,420 150,71.7,74.8,68.8,0.66,74.0,,49.2,76.7,,69.2,Pérou,PER,PIB par habitant ($ US courants),NY.GDP.PCAP.CD,6231.71150338894,6217.03599995447,6736.16693725487,6978.49121548627,7037.00803692604,6133.32552410183,6826.20255614477,7350.63034300417,7887.54185920108,8452.37167047598
Philippines,PHL,3.3,8.98,12.0,24.2,110.7,48.0,59.5,6.0,12.7,5.4,27.7,82.0,14.0,68.0,63.0,Philippines,2.51,47.88,7.92,27.0,3.5,6.31,1.41,0.5,58.2,0.4,0.2,58.8,60.8,57.1,4.73,20.4,90.0,89.0,643.0,16.9,0.24,0.23,31.9,5.7,26.9,69.0,205.0,14.0,58,62,85.0,84.0,9.7,49 499 441,66.4,69.9,63.4,1.02,10.0,,44.4,43.9,,,Philippines,PHL,PIB par habitant ($ US courants),NY.GDP.PCAP.CD,2909.85818010301,2985.19564024046,3038.12124959289,3168.51036609727,3400.78949767074,3227.57910235199,3484.38593882819,3548.06930572116,3804.08274131097,3984.8315387656
Palau,PLW,,9.51,25.9,7.92,0.4,90.0,100.0,14.0,,,,,31.0,,,Palau,3.96,66.1,18.08,36.5,,,,,,0.0,,,,,2.81,17.3,99.0,97.0,97.0,,No data,,,,22.3,89.0,,11.7,65,57,93.0,89.0,22.2,4,,,,97.85,25.0,,,,,,Palaos,PLW,PIB par habitant ($ US courants),NY.GDP.PCAP.CD,15690.759707372,16762.5723436534,16034.1342914889,16197.7265072415,15841.1956399595,14556.5872302158,13257.2063206433,14392.2011374514,15899.4246065324,
Papua New Guinea,PNG,18.5,6.99,28.8,9.51,23.5,,10.5,31.0,10.4,,47.6,30.0,51.0,7.3,,Papua New Guinea,0.05,5.08,0.61,67.7,1.8,,,1.1,49.2,1.4,0.4,57.5,58.1,57.0,0.08,39.6,56.0,35.0,432.0,24.9,0.65,147.2,28.5,1.3,40.3,41.0,191.0,20.5,30,45,29.0,189.0,14.9,7 465 549,65.5,66.9,64.2,6.19,,,65.5,,,,Papouasie-Nouvelle-Guinée,PNG,PIB par habitant ($ US courants),NY.GDP.PCAP.CD,2484.5963398603,2316.39479758492,2477.76530986323,2566.36833735041,2575.77274140393,2429.61134585269,2607.57861874444,3102.28968594061,2966.06830432055,3076.48786186584
Poland,POL,8.6,10.71,23.4,19.9,,89.0,100.0,3.0,0.7,0.8,1.0,,13.0,79.3,98.0,Poland,10.73,63.25,40.31,6.1,13.7,16.09,1.96,0.0,,0.0,1.2,65.5,68.1,63.1,9.99,23.6,100.0,94.0,10.0,5.4,No data,,17.0,11.9,4.4,86.0,41.0,2.4,≥80 ,74,88.0,2.0,6.5,66,75.4,79.4,71.6,,,,13.7,18.8,,,Pologne,POL,PIB par habitant ($ US courants),NY.GDP.PCAP.CD,12637.5220324406,12464.0121044827,13913.3415190124,15658.210586693,15874.5220531254,16150.9291009726,18635.5088812509,18891.213529396,22145.2643088909,25022.6716445953
Puerto Rico,PRI,,,,,,,,,23.3,,,,,32.5,,Puerto Rico,,,,12.3,5.4,,,0.1,,,0.3,68.8,71.0,66.6,,,,,0.71,,,,10.1,,,,,,,,,11.0,12.5,,79.9,83.5,76.2,,,,,,,,Puerto Rico (US),PRI,PIB par habitant ($ US courants),NY.GDP.PCAP.CD,29242.041465085,29978.0889268918,30328.4871132804,30679.9181934488,31830.5284993358,31427.1130762831,32619.0704601174,35353.6821570014,36948.4036416846,39285.0174585856
Democratic People's Republic of Korea,PRK,3.3,,27.5,43.93,0.3,67.0,14.5,,4.1,2.5,16.6,,,,,Democratic People's Republic of Korea,2.17,43.82,36.28,,9.3,,,,89.6,0.2,1.3,64.7,66.4,63.2,3.91,16.5,100.0,16.0,513.0,4.1,No data,0.31,23.7,4.8,18.0,16.0,213.0,9.6,68,59,,67.0,,5 301 031,72.6,75.6,69.8,0.2,,,,,,,"Corée, République démocratique de",PRK,PIB par habitant ($ US courants),NY.GDP.PCAP.CD,,,,,,,,,,
Portugal,PRT,9.4,14.81,15.0,7.63,,95.0,100.0,4.0,0.8,1.1,3.2,,18.0,85.3,93.0,Portugal,12.05,80.09,58.51,6.1,11.5,,,0.1,,0.0,0.3,69.5,70.5,68.5,10.17,25.6,97.0,99.0,16.0,6.8,<0.1,,10.5,11.2,3.2,95.0,10.0,1.6,≥80 ,85,98.0,15.0,7.2,8,81.2,83.9,78.3,,90.0,,,,,,Portugal,PRT,PIB par habitant ($ US courants),NY.GDP.PCAP.CD,19215.7813014347,19980.2808866516,21442.3842768879,23541.1401075289,23343.3628970034,22299.4044062173,24711.4510062111,24620.519556875,27386.2920595024,28844.4979246799
Paraguay,PRY,15.4,17.45,23.2,13.23,14.3,64.0,71.3,6.0,7.6,1.0,3.2,,18.0,27.4,55.0,Paraguay,13.41,94.09,38.93,72.0,6.4,,,3.2,78.9,0.4,0.2,60.9,62.2,59.7,6.73,10.7,91.0,71.0,62.0,4.6,0.2,,16.1,6.7,17.0,57.0,56.0,9.1,72,63,77.0,58.0,21.0,2 087 033,70.3,73.2,67.6,0.9,22.0,,,,,,Paraguay,PRY,PIB par habitant ($ US courants),NY.GDP.PCAP.CD,5879.33792308671,5775.1596339946,6152.26711537703,6258.44991640954,5821.18199548637,5365.47220721191,5976.9317978996,6205.6259537937,6299.99026533643,6416.09709002917
Qatar,QAT,8.6,7.39,23.6,59.96,,97.0,100.0,,0.5,1.6,5.4,,,99.9,100.0,Qatar,7.39,84.89,30.22,4.0,4.7,1.3,0.1,0.0,,0.1,0.4,66.2,65.0,66.5,12.44,12.5,100.0,95.0,35.0,0.4,<0.1,,12.1,1.3,6.0,99.0,91.0,3.7,76,89,97.0,4.0,7.3,205,76.7,78.0,76.0,,,,30.1,43.3,,,Qatar,QAT,PIB par habitant ($ US courants),NY.GDP.PCAP.CD,68985.2946961507,61253.6375482797,63279.8556949332,71039.8490579352,66841.3013484919,51683.5054376677,71751.8831257169,88701.463352273,80195.8746508549,76275.9076782833
Romania,ROU,4.8,11.16,24.3,14.11,,82.0,100.0,7.0,1.1,,7.0,,18.0,30.7,88.0,Romania,11.4,82.53,36.25,30.8,9.6,13.42,2.19,1.4,,0.3,1.9,63.8,66.2,61.6,11.79,30.0,98.0,78.0,55.0,7.2,<0.1,,21.5,17.1,6.6,62.0,46.0,3.3,78,62,78.0,12.0,9.6,38,72.8,76.5,69.2,,6.0,,,,,,Roumanie,ROU,PIB par habitant ($ US courants),NY.GDP.PCAP.CD,8977.01748158196,9404.54005870715,10727.9822007426,12502.2624061935,12992.0326104674,13082.3006559554,14986.7854904274,15557.8826247584,18404.2730871704,20072.4079244042
Russian Federation,RUS,9.5,13.76,24.1,9.86,,76.0,100.0,,6.7,,,,,21.4,61.0,Russian Federation,2.79,70.39,51.11,13.4,21.4,7.7,0.9,0.1,,0.6,2.8,60.9,63.6,58.2,0.39,29.2,100.0,97.0,38.0,3.2,No data,,22.4,10.5,4.5,97.0,80.0,1.7,79,100,93.0,9.0,10.6,1,70.0,74.3,65.6,,,,7.3,64.6,,,Fédération de Russie,RUS,PIB par habitant ($ US courants),NY.GDP.PCAP.CD,9277.7138671875,8663.158203125,10658.9130859375,11211.8876953125,11447.701171875,10108.3271484375,12425.029296875,15619.6142578125,14159.3876953125,14889.0185546875
Rwanda,RWA,5.1,9.47,16.1,35.72,86.0,,9.3,23.0,4.1,1.1,29.8,18.0,38.0,,,Rwanda,0.2,11.06,0.9,24.3,8.7,1.15,0.13,0.1,72.1,0.5,1.3,58.7,59.4,57.9,0.06,14.3,94.0,94.0,55.0,25.0,0.24,53.64,20.0,6.5,40.0,88.0,167.0,18.1,49,55,94.0,229.0,11.6,7 905 114,67.5,69.4,65.4,7.1,0.0,,,48.0,,,Rwanda,RWA,PIB par habitant ($ US courants),NY.GDP.PCAP.CD,733.998630392314,729.519134044611,758.300966737624,771.773511057901,810.051412137354,778.701498787411,829.544845639777,975.469323979541,1027.03446804432,999.654561402699
Saudi Arabia,SAU,8.4,12.81,17.6,60.73,,,100.0,,2.4,3.9,11.1,,,58.4,80.0,Saudi Arabia,7.81,65.57,34.06,8.3,0.9,1.31,0.58,,53.6,0.0,0.3,65.6,65.1,65.8,11.07,14.9,100.0,97.0,8.4,1.9,<0.1,0.0,13.6,,6.2,96.0,91.0,3.0,74,95,97.0,7.0,18.5,15 056,76.4,77.4,75.7,,39.0,,52.0,52.8,19.8,,Arabie saoudite,SAU,PIB par habitant ($ US courants),NY.GDP.PCAP.CD,23256.1549553531,22267.7217050387,23929.2907135982,29360.0658968566,29566.7933827436,24338.8307301067,31920.7653655643,38510.2276211037,36156.848337701,35057.2252306969
Sudan,SDN,2.6,6.72,34.0,23.46,27.8,,70.6,17.0,5.3,,35.4,11.0,,,,Sudan,2.5,10.83,2.5,,3.2,,,,,1.7,1.2,58.5,58.5,58.5,0.24,,,51.0,50.0,15.8,0.11,68.07,21.2,0.0,50.1,38.0,143.0,24.8,44,55,52.0,256.0,19.6,12 159 633,67.6,68.9,66.2,2.26,,,,,,,Soudan,SDN,PIB par habitant ($ US courants),NY.GDP.PCAP.CD,1292.37963867188,1033.21594238281,966.505676269531,731.027465820313,709.975280761719,577.795227050781,712.122009277344,1046.24084472656,797.283447265625,989.312866210938
Senegal,SEN,2.1,3.37,43.1,42.18,99.5,27.0,34.8,12.0,7.9,10.2,17.2,22.0,24.0,17.2,14.0,Senegal,0.11,4.24,1.09,67.4,6.8,6.86,1.3,4.3,55.7,0.9,0.8,58.9,59.2,58.6,0.2,6.5,94.0,83.0,110.0,31.7,0.16,66.35,21.4,0.4,38.5,64.0,146.0,22.3,50,53,80.0,237.0,20.8,4 101 016,67.8,69.5,65.9,4.8,25.0,,,,,7.7,Sénégal,SEN,PIB par habitant ($ US courants),NY.GDP.PCAP.CD,1218.00613555438,1266.43957151587,1356.80518449031,1452.55612562445,1431.18128932159,1461.08720350553,1598.10676952274,1574.0281059306,1698.03387300843,1743.98888384359
Singapore,SGP,3.8,18.12,16.6,13.33,,100.0,100.0,2.0,0.2,,2.8,,11.0,100.0,100.0,Singapore,4.61,65.59,28.34,1.9,8.1,,,0.0,,0.1,0.0,73.6,75.0,72.4,6.65,16.4,100.0,98.0,42.0,8.5,<0.1,,10.3,2.0,2.1,92.0,23.0,0.9,≥80 ,96,93.0,6.0,1.9,9939,83.9,86.3,81.6,,69.0,,31.2,25.5,,,Singapour,SGP,PIB par habitant ($ US courants),NY.GDP.PCAP.CD,55645.6068614606,57005.5887176547,61236.251270627,66881.6067035265,65952.0378959293,61410.0792630788,80056.1288247844,90299.0694637269,85412.230345235,90674.066632628
Solomon Islands,SLB,6.2,9.72,32.6,8.7,12.1,,8.7,28.0,3.8,8.5,29.8,,50.0,,,Solomon Islands,0.51,20.01,2.38,49.1,19.6,,,,38.0,0.9,0.6,57.4,58.5,56.3,0.78,36.9,86.0,84.0,55.0,32.7,No data,237.04,40.6,0.8,20.6,48.0,282.0,8.3,47,50,81.0,123.0,11.2,722 398,64.8,67.3,62.6,12.33,69.0,,,,,,Îles Salomon,SLB,PIB par habitant ($ US courants),NY.GDP.PCAP.CD,2045.47889485251,2082.62989047871,2143.57465243959,2278.20633913383,2223.66502559565,2063.33101522108,1996.86976779348,2005.4139933198,2076.10768772563,2149.37957267304
Sierra Leone,SLE,5.4,5.2,44.6,43.32,10.5,10.0,0.9,20.0,7.5,6.3,25.2,18.0,36.0,16.4,15.0,Sierra Leone,0.02,11.63,1.34,101.9,6.1,16.4,3.04,3.9,53.0,2.0,1.2,53.1,53.0,53.2,0.11,12.9,87.0,91.0,283.0,69.5,0.39,293.11,23.9,0.3,94.3,73.0,242.0,29.3,41,55,93.0,354.0,13.8,7 398 716,61.0,61.9,60.2,7.14,39.0,,,,,,Sierra Leone,SLE,PIB par habitant ($ US courants),NY.GDP.PCAP.CD,964.575980888989,844.416411175476,779.186007841728,845.914540460932,844.049555179116,845.982914284565,886.192939104469,860.774590932595,757.848680560444,873.388575182318
El Salvador,SLV,8.5,21.22,14.4,22.76,5.3,,94.4,6.0,93.8,2.9,9.4,,21.0,,,El Salvador,1.57,21.79,16.16,50.2,7.6,4.06,1.38,2.1,73.1,0.0,0.8,62.2,65.5,58.7,1.59,8.9,98.0,96.0,84.0,6.1,0.13,0.0,12.6,3.4,10.4,71.0,40.0,4.4,78,91,99.0,39.0,21.5,1 475 552,71.7,76.2,66.8,2.62,36.0,,,,,,El Salvador,SLV,PIB par habitant ($ US courants),NY.GDP.PCAP.CD,3790.34089108162,3901.34014965811,4020.12671373919,4183.54620971358,4320.11671534627,3997.19279583709,4642.60743101342,5074.60210221806,5365.44491399171,5579.65969165029
San Marino,SMR,,29.51,15.7,9.85,,100.0,100.0,,,,,,,90.2,90.0,San Marino,7.42,94.36,46.29,1.2,,,,,,0.1,,,,,10.98,,,91.0,0.0,,No data,,,,1.4,79.0,,0.6,77,29,83.0,8.0,5.9,0,,,,,52.0,,,,,,Saint-Marin,SMR,PIB par habitant ($ US courants),NY.GDP.PCAP.CD,43146.8240435428,44359.4797662688,45192.0279766943,47950.6880557136,46627.0122356944,44426.6463400658,54168.9828262684,54264.570495898,,
Somalia,SOM,2.5,2.5,46.2,14.41,50.5,,5.4,,5.0,,23.9,25.0,,,33.0,Somalia,,,,115.6,8.0,0.13,0.0,1.2,2.1,6.3,3.2,47.4,48.7,46.2,,,32.0,42.0,243.0,99.2,No data,58.89,27.6,0.0,104.0,13.0,248.0,34.9,27,33,,563.0,20.2,3 780 177,54.0,56.3,51.7,5.68,,,,,,,République fédérale de Somalie,SOM,PIB par habitant ($ US courants),NY.GDP.PCAP.CD,445.583080073396,460.928490585175,510.939952317726,509.525801898508,539.893931565407,518.184778494334,549.114742721701,573.128092472349,597.458854603043,636.983477589273
Serbia,SRB,12.2,13.69,24.9,22.33,33.3,75.0,83.1,4.0,1.8,2.6,4.6,,17.0,34.0,25.0,Serbia,2.47,66.89,30.99,13.9,15.1,8.53,0.58,0.2,38.4,0.0,0.3,63.9,65.4,62.4,1.55,39.5,100.0,93.0,14.0,3.9,<0.1,,20.7,9.0,5.2,91.0,72.0,3.2,72,73,82.0,11.0,7.4,0,72.8,75.6,70.0,4.45,2.0,,,,,,Serbie,SRB,PIB par habitant ($ US courants),NY.GDP.PCAP.CD,5820.3215576888,5982.37030126471,6548.03653824187,7559.86165747394,7755.632986437,8098.70955668849,9680.52798074468,10022.9688543402,12281.5058488303,13523.7246826854
South Sudan,SSD,4.3,2.11,35.0,21.36,46.8,,0.0,27.0,16.5,,30.0,6.0,41.0,,,South Sudan,0.03,6.91,0.41,,7.9,11.71,2.71,,,13.0,1.6,50.5,51.4,49.6,0.15,,40.0,73.0,227.0,68.1,0.56,253.16,22.4,0.8,98.7,,144.0,40.2,34,43,,692.0,23.3,9 622 332,58.6,60.6,56.5,8.03,,,,,,,Soudan du Sud,SSD,PIB par habitant ($ US courants),NY.GDP.PCAP.CD,1080.14718624765,,,,,,,,,
Sao Tome and Principe,STP,6.4,14.94,39.7,36.24,6.2,36.0,4.6,18.0,5.8,4.1,10.0,58.0,27.0,,34.0,Sao Tome and Principe,0.27,21.65,4.64,86.1,0.9,4.83,1.15,0.4,57.7,1.3,0.3,62.4,62.6,62.3,1.64,7.8,97.0,86.0,111.0,16.7,No data,10.17,19.5,5.7,13.9,90.0,226.0,6.8,59,47,86.0,75.0,11.7,101 989,71.2,72.8,69.6,16.71,80.0,,,,,,Sao Tomé-et-Principe,STP,PIB par habitant ($ US courants),NY.GDP.PCAP.CD,1298.10946596396,1434.87018050521,1555.79477812888,1825.59971753966,1935.2931816596,2167.22001796925,2362.58827248102,2389.73729784737,2940.93352926715,3244.82899741459
Suriname,SUR,3.7,13.12,22.2,13.03,2.9,56.0,95.7,8.0,4.9,5.5,8.0,72.0,28.0,23.8,25.0,Suriname,0.7,17.27,13.55,40.4,22.3,4.87,1.35,1.5,57.5,0.1,0.2,60.3,61.7,58.9,0.81,,100.0,72.0,29.0,7.1,0.83,0.0,18.7,5.9,16.2,52.0,50.0,9.9,63,40,,84.0,16.2,369,69.8,72.7,67.0,12.52,0.0,,,,,,Suriname,SUR,PIB par habitant ($ US courants),NY.GDP.PCAP.CD,8813.61705392067,5644.2061057532,6049.52128553675,6665.74180472239,6629.66775248603,4755.39221710693,5029.84838543953,6084.43876736445,5494.07409425517,7430.70219176443
Slovakia,SVK,,14.56,25.3,16.27,,99.0,100.0,6.0,1.0,,,,18.0,82.0,82.0,Slovakia,5.43,60.14,36.97,24.8,9.9,2.65,0.04,0.3,,0.3,0.6,64.9,66.9,63.0,8.47,32.4,97.0,96.0,4.3,3.6,<0.1,,16.6,11.0,6.1,95.0,30.0,3.0,≥80 ,50,96.0,4.0,6.4,10,74.5,78.0,71.1,,10.0,,,,8.4,,République slovaque,SVK,PIB par habitant ($ US courants),NY.GDP.PCAP.CD,16442.0760860018,16636.0769133073,17645.5298716761,19573.3717031314,19406.0589683582,19735.4858280801,22132.4483028948,21334.6011006572,24673.5482979144,26147.9028430133
Slovenia,SVN,,14.95,25.7,14.6,,98.0,100.0,3.0,0.8,,,,18.0,82.1,84.0,Slovenia,7.43,105.63,33.67,3.3,18.9,3.69,0.31,0.0,,1.1,0.2,69.4,70.9,67.9,7.34,20.1,,89.0,4.6,1.9,No data,,11.6,10.9,2.2,89.0,19.0,1.3,≥80 ,81,58.0,3.0,5.8,16,80.4,83.4,77.5,,45.0,,,,,,Slovénie,SVN,PIB par habitant ($ US courants),NY.GDP.PCAP.CD,20697.2748530619,21447.8377796036,23303.077705959,25888.0481065655,25814.1687167572,25392.0651093612,29187.369382785,28373.8382265999,32610.110922729,34089.3527652778
Sweden,SWE,,19.01,16.8,6.4,,100.0,100.0,6.0,1.1,,,,21.0,92.8,96.0,Sweden,7.74,116.65,44.08,2.0,13.8,,,0.0,86.7,0.1,0.2,71.1,71.2,71.0,7.83,22.7,,94.0,3.7,3.0,No data,,7.9,9.6,2.5,92.0,8.0,1.4,≥80 ,90,94.0,4.0,2.1,48,82.7,84.3,81.0,,88.0,,1.9,7.3,35.4,,Suède,SWE,PIB par habitant ($ US courants),NY.GDP.PCAP.CD,51197.9529341175,51820.3972482676,53300.8587281785,54181.9069780904,51773.0464558993,52653.7565934247,61174.9680215622,55296.9371472535,55567.0890080496,57723.2345031532
Eswatini,SWZ,10.2,11.35,28.3,15.94,6.2,,50.3,18.0,18.5,1.8,18.9,,,17.0,,Eswatini,0.28,42.6,5.57,,27.2,5.0,1.29,,74.1,0.8,3.0,47.5,49.3,45.8,0.34,9.5,93.0,85.0,350.0,46.5,4.2,1.73,32.3,7.2,45.0,82.0,173.0,24.5,56,43,66.0,118.0,24.7,250 978,54.6,57.9,51.6,7.0,59.0,,36.4,,,,Eswatini,SWZ,PIB par habitant ($ US courants),NY.GDP.PCAP.CD,3420.75357067279,3239.80707501414,3853.99147918102,3973.46344933667,3913.12643969301,3454.784217446,3966.29863253832,3889.65276959161,3741.69010745416,3936.10969242371
Seychelles,SYC,10.9,10.18,25.8,17.44,,,100.0,,14.6,,6.2,,,,,Seychelles,3.51,73.2,65.98,49.0,4.3,,,0.7,,0.1,0.3,64.7,65.2,64.3,4.22,20.2,100.0,97.0,21.0,8.4,No data,,15.6,11.4,14.3,89.0,43.0,8.5,75,68,97.0,42.0,6.6,0,74.0,75.6,72.6,,54.0,,,,,,Seychelles,SYC,PIB par habitant ($ US courants),NY.GDP.PCAP.CD,15333.1051727105,16566.9946042294,17480.3651911372,18440.2340460932,19141.5118743615,14041.4754074575,14982.9111487767,16836.6721895387,18262.7115849287,17858.8226383978
Syrian Arab Republic,SYR,11.0,7.78,31.0,25.31,106.2,,88.8,,2.4,,23.5,84.0,,,,Syrian Arab Republic,10.22,17.57,15.21,,0.6,,,,,0.7,0.3,62.3,62.8,61.8,16.31,,,66.0,17.0,9.1,<0.01,,21.3,0.1,20.6,64.0,96.0,10.0,64,41,,20.0,29.9,2 971 666,72.4,74.4,70.6,2.74,,,29.4,78.6,,,République arabe syrienne,SYR,PIB par habitant ($ US courants),NY.GDP.PCAP.CD,847.731631942565,656.3490586313,851.502005254153,1098.0668642357,1109.53926036049,572.355289831901,663.614245706815,1051.67149587463,847.372723418531,
Chad,TCD,2.5,7.26,46.5,54.01,34.9,6.0,9.7,16.0,8.5,7.8,31.5,26.0,29.0,2.3,11.0,Chad,0.01,1.67,0.85,138.5,5.2,9.3,1.4,3.9,17.5,10.8,1.2,51.5,51.9,51.1,0.08,7.4,47.0,67.0,139.0,99.2,0.25,206.54,23.4,3.0,101.1,35.0,242.0,31.4,29,36,,748.0,26.4,8 461 599,59.1,60.7,57.5,5.38,,,,,,,Tchad,TCD,PIB par habitant ($ US courants),NY.GDP.PCAP.CD,993.990730610869,861.831767630746,854.46120040098,948.656629871231,893.336441643325,866.947814890409,946.358500208374,966.036468278568,989.058528968588,1016.08880662712
Togo,TGO,3.6,2.56,41.5,37.88,38.1,19.0,13.2,13.0,8.5,5.7,23.0,17.0,25.0,15.9,6.0,Togo,0.02,4.94,0.8,79.0,9.3,13.68,2.99,3.0,39.6,3.3,1.1,55.8,56.8,55.0,0.28,6.4,69.0,85.0,30.0,42.4,0.26,230.33,25.4,1.2,58.3,58.0,226.0,23.1,44,36,85.0,349.0,22.7,4 591 039,63.9,66.4,61.5,7.3,46.0,,,,,,Togo,TGO,PIB par habitant ($ US courants),NY.GDP.PCAP.CD,751.052405084336,772.581787093976,792.765487219069,851.130806891807,826.260654099894,853.578220263722,939.613373786407,898.758154410712,985.697512629974,1043.14092889765
Thailand,THA,9.9,16.1,20.7,25.48,2.3,,86.8,9.0,4.4,7.2,12.3,85.0,24.0,33.7,26.0,Thailand,1.13,35.72,5.41,18.0,16.6,2.05,0.33,0.8,87.0,0.3,0.4,65.8,68.1,63.5,2.24,19.2,100.0,92.0,157.0,11.8,0.13,0.67,14.5,7.6,9.2,87.0,46.0,5.2,≥80 ,89,,34.0,25.4,159 310,75.3,79.0,71.8,0.23,8.0,,7.5,33.8,,,Thaïlande,THA,PIB par habitant ($ US courants),NY.GDP.PCAP.CD,5688.85335397884,5833.57715617098,6413.09182530343,7099.77650081458,7605.69657797759,6985.64393892574,7057.20754802279,6909.35281815827,7195.10130919449,7345.13569000377
Tajikistan,TJK,4.6,6.39,37.3,56.8,83.9,55.0,87.9,14.0,1.7,6.4,13.1,73.0,24.0,,,Tajikistan,1.5,64.53,18.7,39.2,2.4,9.8,1.4,0.0,52.1,0.2,0.9,63.1,63.6,62.6,2.56,,98.0,96.0,79.0,9.0,<0.1,0.0,18.1,0.7,27.3,96.0,201.0,12.6,67,60,31.0,14.0,13.9,3 375 143,71.8,73.5,70.2,6.17,,,,,3.4,,Tadjikistan,TJK,PIB par habitant ($ US courants),NY.GDP.PCAP.CD,956.916310930656,788.710481734485,829.45714764957,834.288404578801,871.022372934846,834.311715460625,896.748053372182,1052.17949484894,1178.47990060249,1341.20229027672
Turkmenistan,TKM,4.8,8.46,34.8,26.43,0.0,95.0,99.8,,3.4,4.1,6.5,100.0,,,,Turkmenistan,1.24,34.88,19.3,22.4,6.8,,,0.0,79.6,0.1,0.3,60.8,62.8,58.8,1.39,5.6,100.0,98.0,49.0,5.7,No data,,25.7,3.0,40.0,99.0,89.0,22.8,75,81,99.0,5.0,8.0,72,69.1,72.5,65.7,0.38,99.0,,,,,,Turkménistan,TKM,PIB par habitant ($ US courants),NY.GDP.PCAP.CD,5759.497903834,5686.98040962764,5828.4816623489,6125.05169712085,6648.0348960628,6592.60146027748,7051.20211079213,8156.35211950774,8232.65225980002,8571.60702949432
Timor-Leste,TLS,1.2,8.93,29.7,21.77,5.6,,19.1,28.0,5.1,8.3,45.4,,38.0,,,Timor-Leste,0.02,17.38,7.52,41.9,3.6,,,0.0,45.9,0.7,0.3,59.5,60.6,58.6,2.08,38.7,69.0,83.0,498.0,20.4,<0.1,0.0,20.1,0.2,50.0,72.0,187.0,22.2,52,51,56.0,192.0,12.0,438 316,68.0,69.6,66.5,13.09,,,38.1,50.0,,,Timor-Leste,TLS,PIB par habitant ($ US courants),NY.GDP.PCAP.CD,1319.59297370991,1335.54390089814,1266.17767952941,1219.46599728983,1562.36458068032,1630.86938521256,2684.82702378987,2343.24523350389,1502.51964514186,1343.14886031844
Tonga,TON,9.5,8.65,20.7,7.74,0.4,30.0,90.1,17.0,3.3,1.1,1.6,70.0,37.0,30.2,32.0,Tonga,1.42,41.99,10.14,30.0,4.7,,,,49.9,0.9,1.3,63.8,64.9,62.7,0.76,31.3,98.0,99.0,8.8,7.1,No data,,26.9,0.3,9.9,99.0,52.0,4.3,57,54,99.0,67.0,8.5,37 131,72.7,75.3,70.2,26.63,30.0,,,,,,Tonga,TON,PIB par habitant ($ US courants),NY.GDP.PCAP.CD,4123.90347238813,3987.98618837043,4365.92929788648,4638.8978542585,4676.84802517145,4700.44940541029,4912.57966349119,4933.07466930785,4863.76384632192,
Trinidad and Tobago,TTO,15.0,10.92,22.1,10.39,,,100.0,7.0,37.7,,7.8,,28.0,38.7,,Trinidad and Tobago,2.99,41.08,41.57,,13.3,,,,45.4,0.2,0.1,61.9,63.9,60.0,6.28,,99.0,96.0,21.0,1.6,No data,,20.3,4.8,19.1,91.0,20.0,12.9,75,66,94.0,54.0,5.0,144,71.7,75.2,68.4,,8.0,,,,,0.0,Trinité-et-Tobago,TTO,PIB par habitant ($ US courants),NY.GDP.PCAP.CD,19887.2337359338,17449.1623528186,17578.6417765865,17575.8042838042,17293.4730123427,15358.8612973066,17679.1812561341,20874.37682915,18639.259241294,19314.7163432664
Tunisia,TUN,17.5,11.21,27.7,27.39,253.1,74.0,99.9,10.0,3.6,2.1,8.9,84.0,25.0,75.9,81.0,Tunisia,3.68,21.61,13.15,4.2,1.8,16.74,2.36,0.0,68.7,0.1,0.4,63.6,64.4,62.9,2.42,20.5,98.0,97.0,38.0,3.1,<0.1,,13.0,1.8,12.9,97.0,56.0,8.4,67,78,97.0,36.0,16.3,3619,74.1,76.8,71.5,1.48,,,13.6,19.8,,,Tunisie,TUN,PIB par habitant ($ US courants),NY.GDP.PCAP.CD,4014.94773686432,3847.80354448809,3619.03247319953,3628.10366464236,3528.87213306798,3548.65363663803,3906.93926319391,3708.8481241036,3950.3753419816,4350.3717971875
Türkiye,TUR,7.7,10.05,29.3,23.28,138.0,,95.3,12.0,4.8,1.7,5.5,,32.0,63.4,79.0,Türkiye,4.87,34.83,22.36,12.2,2.7,4.22,0.67,0.1,60.2,0.1,0.3,65.2,65.9,64.5,4.48,30.5,97.0,99.0,13.0,2.5,No data,,15.4,2.2,12.8,94.0,45.0,4.9,76,75,95.0,15.0,6.5,2,75.3,78.1,72.5,0.48,,1.4,31.4,52.2,,,Turquie,TUR,PIB par habitant ($ US courants),NY.GDP.PCAP.CD,11049.9951100942,10970.0458948862,10695.550196231,9568.83506330228,9215.44049888114,8638.73903848102,9743.21277804855,10674.504157865,13105.6585004778,15473.2872636856
Tuvalu,TUV,4.1,11.21,23.2,6.81,0.1,9.0,77.0,20.0,,2.8,5.3,94.0,39.0,42.7,37.0,Tuvalu,0.96,39.42,13.46,35.7,,,,0.0,46.2,0.2,,,,,1.92,33.7,100.0,94.0,296.0,,No data,,,0.3,19.9,98.0,,9.0,52,53,98.0,170.0,17.9,3120,,,,48.16,84.0,,,,,,Tuvalu,TUV,PIB par habitant ($ US courants),NY.GDP.PCAP.CD,3357.83417700071,3808.69755015909,4165.66338700106,4466.12034928245,5115.13075950206,4976.11254109571,5905.08198095343,5911.32727055301,6344.7750188689,
United Republic of Tanzania,TZA,4.7,5.14,38.8,16.12,296.5,11.0,9.8,24.0,8.3,3.1,29.9,29.0,38.0,16.1,25.0,United Republic of Tanzania,0.12,6.93,1.34,112.3,5.1,4.3,0.82,1.2,54.0,1.0,1.0,58.1,58.3,57.9,0.35,9.3,85.0,93.0,183.0,30.2,0.85,128.42,18.8,5.6,38.9,78.0,130.0,20.6,43,63,92.0,276.0,15.8,36 039 903,66.8,68.4,65.2,4.65,91.0,,59.5,68.7,,0.0,Tanzanie,TZA,PIB par habitant ($ US courants),NY.GDP.PCAP.CD,939.127319335938,953.0107421875,986.674011230469,1023.10626220703,1063.32250976563,1117.41528320313,1159.85656738281,1207.85302734375,1224.48962402344,1185.74548339844
Uganda,UGA,4.2,4.86,27.2,32.29,133.0,19.0,1.8,26.0,15.5,3.2,23.5,31.0,45.0,3.9,18.0,Uganda,0.11,22.65,1.91,111.4,5.5,15.27,3.77,1.1,61.9,1.0,1.1,57.2,58.9,55.5,0.36,7.5,88.0,91.0,198.0,28.1,0.86,258.39,21.5,6.3,38.8,21.0,165.0,17.9,49,61,91.0,170.0,16.0,21 730 370,66.0,69.0,62.9,6.69,98.0,,,81.8,,,Ouganda,UGA,PIB par habitant ($ US courants),NY.GDP.PCAP.CD,862.934610355811,752.696571725656,765.218332297361,792.16570022814,822.171150141651,845.76646385001,882.791717442001,963.067314233497,1002.30913908852,1072.71369837695
Ukraine,UKR,16.0,,19.4,14.51,192.3,88.0,94.9,9.0,5.6,,11.7,,18.0,52.4,72.0,Ukraine,,60.79,35.31,12.6,21.2,8.32,1.15,0.1,,0.3,2.1,61.6,64.4,58.6,,24.9,,83.0,112.0,2.3,No data,,24.8,7.4,8.1,87.0,78.0,4.7,76,75,,15.0,10.5,3,70.9,75.3,66.3,1.81,,,15.3,54.5,8.0,,Ukraine,UKR,PIB par habitant ($ US courants),NY.GDP.PCAP.CD,2094.47387695313,2158.46118164063,2604.28759765625,3059.0517578125,3619.86157226563,3709.76928710938,4775.94580078125,4199.6708984375,5139.59814453125,5389.47314453125
Uruguay,URY,13.5,20.94,24.5,8.51,,,100.0,4.0,9.2,1.4,6.5,,18.0,,,Uruguay,2.49,73.86,46.74,23.1,24.8,2.11,0.15,0.3,,0.2,0.5,65.0,66.9,63.1,0.65,20.5,100.0,95.0,42.0,4.4,0.24,,17.4,6.2,6.7,90.0,16.0,4.1,≥80 ,76,94.0,15.0,13.0,50,75.0,78.7,71.2,,41.0,,,,,,Uruguay,URY,PIB par habitant ($ US courants),NY.GDP.PCAP.CD,17125.9016800298,17009.7584207276,19184.6502617082,19249.9404677501,18315.7316980028,15757.5355995779,17881.818721099,20818.6146091144,23019.4221560046,23906.5133029408
United States of America,USA,9.7,24.74,15.0,7.41,,97.0,100.0,6.0,5.8,0.1,4.2,,26.0,98.1,97.0,United States of America,6.0,133.76,36.81,13.5,15.6,4.61,0.89,0.2,78.4,0.0,0.5,63.9,65.1,62.8,11.13,24.3,99.0,94.0,3.1,2.3,No data,,13.7,9.8,6.5,95.0,14.0,3.4,≥80 ,84,84.0,17.0,14.2,525,76.4,79.1,73.7,,52.0,,,,,,États-Unis,USA,PIB par habitant ($ US courants),NY.GDP.PCAP.CD,56849.4697923159,57976.628204291,60047.7190728307,62875.6661382728,65227.9565911038,64401.5074354212,71307.4017277218,77860.9112908848,82304.6204272866,85809.9003846356
Uzbekistan,UZB,5.5,7.13,30.4,44.55,120.8,80.0,78.1,,1.3,2.4,6.7,82.0,,,75.0,Uzbekistan,1.1,110.83,23.1,37.3,8.3,,,0.0,81.0,0.2,0.6,63.4,64.0,62.7,0.51,16.7,99.0,99.0,57.0,2.9,<0.1,,24.6,2.1,13.3,99.0,154.0,7.6,75,73,99.0,26.0,9.3,343 828,72.2,74.1,70.2,1.52,96.0,,,,,,Ouzbékistan,UZB,PIB par habitant ($ US courants),NY.GDP.PCAP.CD,2803.19018021751,2753.37951427589,2190.60411562888,1813.08530813664,2041.38480729431,1978.28051860763,2258.51964119278,2578.66689394219,2878.96879292451,3161.70010632875
Saint Vincent and the Grenadines,VCT,,8.63,18.8,9.51,0.5,,89.5,,34.6,,,,,,,Saint Vincent and the Grenadines,,47.38,,37.9,0.4,,,1.8,,0.2,0.0,62.9,64.5,61.5,,,99.0,94.0,14.0,5.3,No data,,23.6,6.8,10.6,92.0,36.0,5.8,69,56,,56.0,4.8,759,72.6,75.5,70.0,2.88,,,,,,,Saint-Vincent-et-les Grenadines,VCT,PIB par habitant ($ US courants),NY.GDP.PCAP.CD,7353.73556054184,7656.90042881178,7988.04445019298,8428.12677153069,8740.59425232061,8351.20324040982,8641.27904024443,9693.55867833025,10582.3656725229,11501.2265187188
Venezuela,VEN,7.3,6.01,25.2,16.55,2.3,,93.5,8.0,63.1,,11.7,,19.0,,27.0,Venezuela,1.35,20.03,16.64,76.0,8.6,,,2.5,,0.2,0.4,62.0,65.1,59.2,,,99.0,54.0,45.0,5.2,0.27,9.53,18.7,2.3,24.3,40.0,40.0,15.0,75,75,0.0,227.0,13.2,7 380 372,71.2,75.9,66.9,2.01,,,,,,,Venezuela,VEN,PIB par habitant ($ US courants),NY.GDP.PCAP.CD,,,,,,,,,,
Viet Nam,VNM,10.5,10.7,20.5,22.12,282.0,58.0,98.7,10.0,1.9,4.4,19.2,89.0,25.0,40.8,44.0,Viet Nam,,14.41,11.07,29.0,7.3,8.46,1.73,,72.0,0.6,0.9,65.4,68.0,62.8,3.37,22.5,98.0,65.0,182.0,6.9,<0.1,0.01,20.1,10.7,20.0,86.0,66.0,10.3,68,56,,48.0,17.7,8 396 566,73.8,78.0,69.7,0.58,,,,,,,Viet Nam,VNM,PIB par habitant ($ US courants),NY.GDP.PCAP.CD,2577.56885340113,2735.0604380416,2956.10992127753,3222.31003125366,3440.90025375434,3534.03953482647,3704.1935590038,4147.69777213621,4323.35031982451,4717.29028732449
Vanuatu,VUT,5.5,3.89,30.4,9.09,18.7,,20.6,29.0,2.2,,31.0,76.0,47.0,13.2,,Vanuatu,0.31,14.59,1.64,,15.7,,,,,2.3,0.5,58.7,60.7,57.0,,,91.0,72.0,41.0,25.0,No data,17.94,36.8,1.9,16.8,21.0,261.0,8.7,47,50,63.0,100.0,12.5,113 055,66.3,69.8,63.4,31.09,41.0,,,,,,Vanuatu,VUT,PIB par habitant ($ US courants),NY.GDP.PCAP.CD,2854.89412272653,2956.12644801489,3159.86055790126,3206.65748718811,3207.44650452083,3042.98711598286,3211.71947349318,3292.34108821237,3515.23633611798,3542.81071592874
Samoa,WSM,9.4,15.15,21.9,8.07,5.1,62.0,39.7,18.0,2.4,3.1,8.4,72.0,40.0,43.8,43.0,Samoa,0.9,30.58,5.61,54.9,12.0,,,0.4,27.0,0.3,0.3,61.6,61.9,61.3,0.24,22.5,89.0,83.0,5.2,8.2,No data,,32.3,2.9,15.7,75.0,146.0,6.2,55,47,93.0,101.0,9.6,191 219,70.3,71.6,69.1,12.43,87.0,,,,,,Samoa,WSM,PIB par habitant ($ US courants),NY.GDP.PCAP.CD,4084.36083819933,4147.07097674888,4307.59381964907,4231.81409469194,4351.94234943706,4099.6600907147,3947.64517905415,3869.46639492144,4330.17840531329,4898.77140817676
Yemen,YEM,1.7,2.51,36.4,43.04,86.5,,47.3,,9.4,16.8,47.4,,,,19.0,Yemen,0.19,5.41,0.98,77.0,4.2,,,,,1.8,1.6,56.5,57.2,55.7,0.53,21.4,61.0,46.0,48.0,15.6,<0.1,38.86,25.8,0.0,39.3,45.0,190.0,21.4,42,36,45.0,118.0,29.8,9 070 024,65.8,68.6,63.1,2.89,,,93.5,90.4,,,"Yémen, Rép. du",YEM,PIB par habitant ($ US courants),NY.GDP.PCAP.CD,1362.17381205593,975.359417003225,811.165970405745,633.887202450998,,,,,,
South Africa,ZAF,12.8,16.89,31.2,21.69,9.2,,89.8,13.0,33.8,3.6,24.4,,24.0,21.6,72.0,South Africa,0.19,63.93,7.94,40.1,22.3,,,1.3,79.7,3.1,1.7,52.8,53.8,51.7,2.7,20.7,97.0,79.0,427.0,27.6,2.7,0.84,22.7,7.8,34.7,84.0,74.0,11.7,71,63,84.0,118.0,24.5,14 069 347,61.5,64.0,58.9,1.22,72.0,,16.5,30.0,,,Afrique du Sud,ZAF,PIB par habitant ($ US courants),NY.GDP.PCAP.CD,6112.27382485974,5651.20585165749,6618.33508255701,6914.1780318076,6533.71121032856,5580.60383075189,6843.39941886204,6523.41097815853,6022.54254192335,6253.37158194543
Zambia,ZMB,6.3,8.89,27.1,18.85,53.6,,9.2,28.0,5.9,4.2,32.3,18.0,41.0,,,Zambia,0.14,29.36,3.24,134.6,7.1,0.28,0.01,2.9,65.9,1.3,1.2,53.0,53.9,51.9,0.71,14.6,94.0,80.0,283.0,35.8,1.2,176.74,23.6,3.6,44.7,75.0,176.0,22.0,56,55,78.0,85.0,17.1,8 176 759,61.0,63.1,58.7,7.29,56.0,,90.0,76.5,,16.7,Zambie,ZMB,PIB par habitant ($ US courants),NY.GDP.PCAP.CD,1295.87788680068,1239.08527877713,1483.46577328065,1463.89997855593,1258.98619844462,951.644316655957,1127.16077872857,1447.12310138035,1330.72780576709,1235.08466482514
Zimbabwe,ZWE,4.0,5.21,27.5,14.47,9.1,27.0,30.7,18.0,11.9,5.1,23.7,42.0,35.0,55.2,32.0,Zimbabwe,0.3,30.71,1.36,86.8,17.3,11.82,7.03,,84.8,2.7,3.5,51.2,52.2,50.2,1.18,11.3,86.0,90.0,211.0,36.2,0.98,49.4,31.2,5.4,44.2,77.0,192.0,22.4,55,55,90.0,358.0,29.9,8 352 700,58.5,60.5,56.2,5.87,24.0,,,,,,Zimbabwe,ZWE,PIB par habitant ($ US courants),NY.GDP.PCAP.CD,1386.41855927575,1407.42096413212,3448.08699068824,2271.85250365817,1683.91313584141,1730.45391034701,1724.38727102272,2040.54658705395,2156.03409322984,2656.40937654332
