location,Anxiety_disorders,Attention_deficit_hyperactivity_disorder,Autism_spectrum_disorders,Bipolar_disorder,Conduct_disorder,Depressive_disorders,Eating_disorders,Idiopathic_developmental_intellectual_disability,Mental_disorders,Other_mental_disorders,Schizophrenia
Afghanistan,622.1022620058264,46.3418334668832,112.2744105004885,131.84588637953732,53.24674349757952,928.5238710089824,29.884592444815528,39.65549047580178,2244.603665049283,106.81307466373822,173.91550060562986
Albania,622.0556013878208,24.743526137320384,122.88937398302308,100.82938930099829,68.8461472592509,403.28854747050514,41.508016270032485,56.86705135299412,1747.731707311731,112.04155424000156,194.6624999097836
Algeria,509.06606816969406,46.71067355845408,140.16306066867995,140.24118441343532,53.71783867785976,841.6996910777323,55.204026036144114,29.993712368210225,2136.247787145752,111.396713041715,208.05481913382775
American Samoa,497.37284716561095,37.58513832945191,114.126515958002,80.2913094574938,57.87847184969103,579.688601395685,37.54842752398322,27.106891920117505,1747.0012944473572,111.921925337166,203.4811655101553
Andorra,991.2001498135196,49.797228410166696,181.29169843613477,134.64906850614267,73.093433287895,731.0150109116332,108.61087372768358,24.569985401784542,2595.9571105269724,121.78506270496972,179.9445993270411
Angola,801.8046998420009,42.53426335316436,127.07789020875414,96.88213598001524,70.65481633260814,1065.561231123001,35.08583501807188,11.487014270029318,2538.96186827233,109.14943085047128,178.7245512942138
Antigua and Barbuda,732.9982109515195,106.54640624178916,112.7197366745023,156.79734552152547,69.47228439424144,649.4661769649575,91.49730542503411,21.93326033690534,2260.5458036329023,110.59303985968786,208.5220372627399
Argentina,925.7783281737986,41.00797514297696,182.05013277494024,169.5593072210448,69.88902691621198,790.1783417887399,77.21390525766591,27.5495510726609,2566.0187581285577,119.41701471207854,163.37517506843815
Armenia,722.8038165540668,24.7086133096313,112.56078180760352,104.0945900669264,69.19724009885425,646.4643772649438,40.4359907516152,57.76593610928848,2087.791575570267,110.13924054080496,199.620989066532
Australia,1190.162442448517,97.32691347755096,192.8168475738564,147.47770745532273,75.88402401211957,754.1126458883195,214.8021250103096,64.22398021371603,3087.5629604042056,139.2523312435522,211.50394308094096
Austria,808.1204836413773,64.47904635006799,161.3870233576856,133.98734904766465,70.71401445045919,477.543718765279,116.5957344834358,24.343107743318917,2153.156884562138,120.44028499332116,175.54612172953037
Azerbaijan,412.0838593754158,24.834122441472022,112.59164639705187,103.72050884507937,69.62753119049738,639.7538588426568,44.33927513548251,61.294036129139165,1774.048921058984,111.05661007981172,194.74747262237625
Bahamas,756.6702492146152,105.70552382154828,113.6877675436741,153.6911445067261,68.90151069623283,726.2285029253032,101.0190516740056,22.080491393871885,2354.601414110397,110.0216194564342,196.5955528779849
Bahrain,571.9145302438068,50.7761098582793,139.69256060731448,139.11578247778417,54.57714843448783,762.0998260473032,73.08921807982405,32.44648709698492,2160.2844061723204,117.687482003702,218.8852613228332
Bangladesh,472.7636290736762,24.09272020242544,62.90993790226051,76.28506466571639,54.59973204695503,952.5014283367666,37.30832414374637,41.97011435020651,2077.2647948449485,111.11768911373017,243.7161550094626
Barbados,731.597866302507,106.74523520067146,116.24061202141988,156.72346330038388,69.57867477238506,646.7341469004145,81.60027061920746,19.96590697974968,2249.3057868557494,110.85804863951864,209.261562119491
Belarus,423.283959461216,24.66633189378881,137.1637818182369,103.08878137962826,68.95209886736302,583.7084950929939,46.87061298455601,51.323453543913566,1694.507324360186,109.91596196191962,145.5338473565711
Belgium,818.4313007807399,49.41905901848271,155.8941294750595,133.13312290832377,73.15828874459702,722.2657451436176,105.94413959448109,26.215760887910506,2377.903835268589,119.95775213663651,173.484536578739
Belize,713.4155098677054,106.10158663067948,107.69396493114766,154.02664092992055,69.07137212013745,770.5062326821964,69.067609552224,23.53665978075057,2321.136340488176,110.26262566839684,197.4541383250177
Benin,869.5019309527652,38.37608759092073,128.11544746751548,97.14435409290336,68.88741376111845,623.8088117037454,27.48833441490113,13.757614895025023,2164.3684269198284,110.96484501651808,186.3235870244161
Bermuda,726.5394078735588,106.78601588808851,133.84913221072216,160.88693121804684,69.54708831413818,643.4680587614523,131.73752448380387,19.88061093491917,2324.784349544985,111.68050783085486,220.40907202940025
Bhutan,441.87231634526,26.311139169708586,73.50578492947538,76.93671990849397,55.347866351056425,555.6439765529813,45.92315639155474,55.614860237574185,1669.827121592611,113.0656061620484,225.6056955444576
Bolivia (Plurinational State of),970.8997906065806,73.51507128860946,115.73619280040532,154.28322270872977,70.34843466606006,564.1990422336893,82.91192900333574,25.797047718403142,2317.796399688425,110.56444999536652,149.5412186672456
Bosnia and Herzegovina,663.0103727841388,24.743694461925053,121.6483330750214,99.82215189852477,68.78862114125705,499.8707641788409,41.66906917329222,50.461145711490566,1872.6048904848835,111.07775707189218,191.5129809885003
Botswana,556.3540023976593,42.9537757178568,129.39785741413564,97.34127741371172,71.19755853058233,603.852980149766,44.37282554893656,15.51915772910352,1846.790062031156,109.62192888944836,176.1786982399563
Brazil,1142.917918671286,78.20865659910824,103.3952323887041,172.459949852797,68.14394082986453,722.9992564457592,81.07899505739377,25.298857448916262,2690.635035762313,103.32539542602169,192.80683304246435
Brunei Darussalam,462.2966735518265,65.78688085409776,328.50366319586806,99.53658288415856,63.36967013057895,497.2197421685158,97.74291691552706,5.643908327140468,1967.8730582376836,123.07451272850427,224.69850748146615
Bulgaria,494.3072476627148,24.894387189794116,118.39963810962126,88.17209893011925,68.91220682464734,473.46690158157634,47.85189070288627,53.58793199563688,1668.1716723172854,111.6252306656485,186.95413865464184
Burkina Faso,821.8810503384759,38.01129885085409,127.57428589693824,96.67597870100394,68.32610704508399,761.0595168709687,25.11100564171414,14.531626578437274,2244.5319936071023,110.38214940165524,180.97897428196995
Burundi,509.718755642324,51.11533010393395,153.20232406247897,94.6048924031037,70.15310630150027,726.942667377791,17.93727215371255,13.769446523921877,1925.1127147557,111.5524913995584,176.11642878737578
Cabo Verde,795.9628744344848,38.996674565469,136.18047736403832,98.25616715068644,69.84564174247136,589.922397316424,34.98783461353155,13.649598676904557,2086.137707167547,111.6916600780618,196.6443812254741
Cambodia,408.835673213932,25.16936247447223,109.5566940721048,66.74039138643454,50.2262583732832,492.4668507275212,26.170881522509863,41.1579078664298,1518.221853595219,111.16464004769593,186.73319391083643
Cameroon,809.7624887775577,38.6335285274031,125.56010729631632,95.9140939863288,69.20101402393495,679.8911590242533,28.440049368663257,13.04948867781055,2150.554253456532,110.99362587340757,179.1086979008584
Canada,750.7715080370219,73.23349731570815,214.2213161537088,150.95205311963653,56.21868292817,623.3927509600132,99.13691753711392,12.599402694555144,2247.3396730730783,133.03138118822164,133.78216313893046
Central African Republic,820.312358525419,42.43139492616102,119.0548754985391,94.77341908410835,69.77446776016365,1060.3023098747144,18.336707755575866,11.92005711579688,2508.4324965458623,108.4462371459584,163.08066885942495
Chad,838.4499934004645,38.31127566990512,122.17372342163284,95.91381499481128,68.7685821891397,882.5016163670357,24.326652435935195,13.881655730817766,2375.920318172994,111.15407969636811,180.4389242668841
Chile,978.9023079314486,42.76683194175809,186.39775301801828,166.7856482354515,70.12238788639192,916.5830213658408,80.92753158229198,25.835028636325983,2752.784888984845,119.62040026184634,164.84397812547328
China,440.2297087154472,83.44303555391437,102.0867659374087,44.2922254787757,58.26110320736036,545.8500988501742,34.703564152589124,49.45152203489936,1659.271437916483,106.494587943755,194.45882604215805
Colombia,606.2148669086209,41.08059522903972,134.53003757855785,139.2281086045137,74.28552451504835,448.2441270746298,67.25948844216593,20.57302207260977,1851.5793965967664,110.36565370759544,209.79797246398527
Comoros,551.7525236030156,51.73189689142688,157.04899869004151,96.60996133342236,71.33108889467789,777.9887635274794,26.139413889825462,12.853159596044542,2049.424636808119,112.13392965766892,191.83490072451664
Congo,669.9743834742548,42.66760842827016,129.61080747433087,96.70550816940694,70.25799458898021,1032.1684841018885,30.96304390847749,15.971789676436968,2372.675010177661,109.9537251725973,174.40166518301953
Cook Islands,494.1143468471751,37.12844029381796,118.91877488383516,81.17611708325909,57.780730017982194,570.6165595700843,49.03899278308625,25.60791569382824,1752.9670118139925,111.11487708067388,207.47025756025104
Costa Rica,612.1103259375577,47.62691868549736,136.82444655790593,158.25479698550947,72.93853267861526,616.8907890959078,76.46239860370295,21.002422156928432,2069.116107517532,110.64027163542627,216.3652051804794
Croatia,782.9557107714829,24.75116920343395,127.49923291055325,100.37147234608068,68.81264697153382,382.4616927845706,52.07245992942263,52.07544670030598,1894.825672280784,111.1617009263384,192.66413973706125
Cuba,808.4928157776789,108.0334100376219,110.76946813189684,157.73821754212716,69.92232813074895,672.3022926918404,66.06390424221418,21.37317526476756,2338.223552007468,111.73889098897784,211.789049199593
Cyprus,1188.6723524877764,49.61097918436201,160.44854216228077,135.16546529090047,73.49712758436301,540.2509061881553,118.03111866833584,26.89788049312639,2590.5908548554694,120.49581857012292,177.52066422604614
Czechia,570.7870708177119,24.709807098557647,125.44004803736054,99.72764880854852,68.85721328012572,593.9615452120054,57.36605624238926,51.602779935956285,1896.7166180724464,111.26086662669564,193.00358201309555
Côte d'Ivoire,807.8136105827186,39.08125918075854,131.0535560891382,95.95069445222772,69.72582832840138,620.2720710267713,30.723934641079232,12.650307429181392,2099.3963749069367,112.55258349626428,179.57252968039433
Democratic People's Republic of Korea,415.19794751631895,54.28089920652266,98.78256606433789,47.7610650553844,53.87367017503562,574.7797516779995,23.66973720352205,31.75607652335121,1613.2063786121855,111.5724329424892,201.5322322472254
Democratic Republic of the Congo,571.1565889656598,43.12943373723152,130.68195965296206,96.77906071055776,70.69113344948342,1071.5526982330457,18.883709858639147,12.02102395974441,2300.470676700444,109.85061597834834,175.7244521547718
Denmark,809.3781471362735,52.65399156873488,170.4162953796715,140.10673151140318,73.26683443282772,600.0489733555663,115.37821624571608,27.269967736554484,2267.59906684969,120.75238598057118,158.3275235023742
Djibouti,464.3358368344186,53.363662734386686,156.93064533328834,96.12773324072698,72.79876033444941,708.9996402446355,30.92909273817964,12.248904360836685,1897.537317674586,114.01493777038648,187.788104083277
Dominica,724.0035113633678,107.89875726851912,114.6525614015506,155.67396734238426,69.74884160628841,638.492515543556,70.34171967570258,21.44000083211021,2220.516520052906,111.71220012068862,206.55244489873735
Dominican Republic,820.6536144561178,106.04445469740376,104.20190632236394,154.21372244633838,68.89006592061865,804.5366566686083,81.932816359145,20.952640138435164,2472.985834757161,110.88726512513256,200.6726926229975
Ecuador,843.5028154452509,73.28758306632055,118.46207779585532,155.67468578818148,70.70167218663973,617.0222939984654,96.93723823859916,25.637151623220078,2258.1193758353493,110.67539789818429,146.21845979463075
Egypt,608.10959831515,70.50965184911487,116.2183909622512,131.65508208722915,53.59455105615417,893.5015929943027,51.487456233873736,35.234437834478626,2273.886547482666,111.44748147322096,202.1283046768876
El Salvador,616.394004014361,47.185031431510666,126.7347659621882,157.43610974015385,73.49340810405471,561.682761372525,62.80546176973367,20.521193851405943,1974.0345799516265,108.06549356779377,199.71635013790043
Equatorial Guinea,673.5307222304091,44.98860928601186,132.60389253478235,96.75157630926203,73.65742841366858,917.2654696421832,47.69014598442062,9.692304630667945,2285.668955918601,109.86577718379296,179.62302970340292
Eritrea,494.2986644480502,52.06148049600345,154.10300951617535,95.21639759558788,71.21939937874374,682.5696345348256,22.35791995182139,16.2196057578371,1876.173765630091,111.1622395549416,176.96541439610567
Estonia,457.2357592810485,24.818278957659032,147.90466223143616,103.62319168099,69.1819282278332,535.3445900115358,54.36658544385533,47.2796756355328,1703.6519397886725,111.17254519772152,152.7247231210596
Eswatini,556.6147976497294,42.9795174474579,121.77004770675548,95.66718493964537,71.36211033763695,758.2834382399352,37.32341353931996,15.5729520609411,1976.6553175274703,108.2509504843908,168.83090512165694
Ethiopia,462.1847671395639,52.01332897994537,157.25768022574303,93.48048959040388,77.02167350060947,984.4094942692584,25.143629017578164,12.939899293125704,2153.159670259535,105.19040707206958,183.5183011712365
Fiji,496.4337961937436,37.47056682495062,109.29972263610868,81.63927339023199,57.41772778398519,512.9342979315583,37.06331706279619,27.589813398644683,1671.349718902989,111.3316421814931,200.16956149947677
Finland,550.1932634842262,63.81094813443344,164.04765513166524,135.44431694624333,73.00200608768178,505.19475283134506,127.93547843515366,18.73123424225181,1993.5314930459808,120.52180992241236,234.65002783056772
France,961.8520897934824,65.66979585905578,160.59159432277224,145.75652965327967,74.84431027035211,695.7745507507581,113.42309884141628,26.26507312069358,2540.3178856912914,119.3295940832086,176.81124899627164
Gabon,688.8436547877236,42.18992010496164,130.17916595941116,96.41134802365904,69.8043912697106,1014.2304394711524,45.01116009166179,9.707574627264286,2386.215806626195,109.42833185192676,180.40982043872523
Gambia,810.6489385542449,38.35049846527144,127.482754382878,96.77736077494856,68.75660040933005,606.0638146259956,25.58950722214761,11.288347422591936,2078.288766106094,110.78713058006473,182.54381366862276
Georgia,417.2278965135324,24.86316387879426,118.06579099139184,102.66887930277927,69.45762967183317,715.7633949068187,40.66019213471651,58.06656649665735,1842.3951266544568,110.37867360487112,185.2429391530628
Germany,664.3242726980491,16.80353181076473,169.00029807164697,122.98459031011856,73.40581254008416,798.6495535304052,93.32539272937002,26.45134406749964,2269.27108898079,120.61269399334888,183.713599229502
Ghana,587.6287575238737,38.58965617819659,134.3067841140895,96.86047443210536,69.34752702195244,875.9542239384677,32.7120598874257,11.486475379477286,2141.565511566582,110.51528094549462,184.1642721454985
Greece,1047.6115870143,49.51583112447339,166.31870340981484,134.63096984455217,73.17599842549848,937.7931072691146,100.534977007951,23.38139826328794,2828.5983602593337,120.37602353657148,175.25976436376808
Greenland,824.8723912369238,72.5324985218758,183.26546358857465,125.78886881773738,61.03114847210964,846.2741996907537,92.01594714881364,26.292156814273252,2605.4921905535084,135.0489436306102,238.37057263183695
Grenada,744.5136183172747,108.24533048640166,109.57536291501675,154.73607353743876,69.81675306136144,656.8299889799704,76.27953493562633,22.557361242441257,2255.788648337231,111.4739522805936,201.7606725811084
Guam,490.4428308378019,37.823642434330274,117.24213624261066,81.70129822204711,57.872784080766735,574.8366833998508,50.982951951398064,25.681028380602854,1761.8140293573906,113.30446530311048,211.92620850487108
Guatemala,637.4990448948909,47.09679544414513,129.50241332748942,153.9449922884787,72.62935262916079,779.47223087719,61.626105570297824,22.62803873131568,2205.055552957938,108.2485531503304,192.40802604463963
Guinea,911.7591469639052,38.05702326250259,123.69350098522293,96.19779486272232,68.87367813414801,646.3668842077496,25.557545261354782,11.141149318471845,2213.981079032333,110.2179487636618,182.11640727259416
Guinea-Bissau,771.691194615794,38.25075434927116,123.02642893036656,95.73069366232896,68.88633137112556,577.6483260920102,23.400059298462853,11.74393169211233,1994.848350887882,109.84168534955134,174.62894552686063
Guyana,729.41119799627,106.24387599563244,102.25234858687472,152.45180022813324,68.85685402948259,659.3738194546127,79.17582251409979,23.099133686404365,2223.718065272998,110.18539536880778,192.66781741267923
Haiti,675.1927097188537,105.40666370880176,109.19146633352972,151.32041673494132,68.2377403908443,865.0822591203333,45.33795467682018,22.287046275176262,2333.2097429697587,109.46773751611865,181.6857484943396
Honduras,604.2062481215188,47.159745916393256,126.76094251712249,155.009288942657,73.01891505196872,624.8822890874618,53.35560180166024,21.338371527620627,2011.613043783194,109.23298151255142,196.64865930423952
Hungary,537.1830024674423,24.759137928488467,125.78882688751348,99.68849308359724,68.79932435905825,520.7788003522276,54.79830849243769,50.88520509016895,1780.6541212469251,111.09003871354513,186.88298387244745
Iceland,790.4000440657652,50.10083995831677,201.81568780569023,124.11333505894066,72.83968331509864,947.2195291131852,109.36038260084062,22.146302268812253,2617.574069260348,121.39071953463872,178.1875455390596
India,546.9629021289462,32.39749187609857,94.11157600475524,68.4103839366579,59.5075472763067,647.263405490988,41.33189934221704,94.39558090598048,1889.754600199494,104.51493060615007,200.85888263139356
Indonesia,320.42537073689925,16.924224344343514,112.5047958783002,68.6749237589032,56.52540957767332,405.11162928092017,35.385121531086966,44.66481224152712,1363.7846140915997,106.08844668989472,197.4798800520516
Iran (Islamic Republic of),1177.2118076275556,81.87502591990423,135.5152947702461,147.3187911605241,51.74248150161532,757.6746484162634,62.81038261836154,47.555054047464864,2821.594813778524,104.439425092003,255.4519026245864
Iraq,735.1352181733939,40.937445908788845,102.94817477465875,125.51123085452284,53.69335524006009,774.8400312251927,53.763320195764464,30.169344207901528,2225.1136823041693,110.32144459270656,197.79411713117904
Ireland,1125.046246340472,79.36166591511683,187.0593960308268,108.07041397568491,69.5434385808861,678.0328691644037,131.60138943283812,19.50108984543875,2724.201003400002,119.81795548650815,206.16653862782704
Israel,637.8995459736922,59.53419201976535,142.02168468613257,134.75792586930723,73.07603139678882,926.7401712514696,97.46822599729698,26.68376233179052,2406.871525846425,120.89116537580458,187.79882094437824
Italy,892.9982325276077,50.57944608480457,160.11010038482837,116.1468593249146,80.53030967037823,414.8284548935922,101.30128937847311,16.977764218733405,2111.011136467887,111.95653842360322,165.58214156095093
Jamaica,629.578066027643,106.73334813585018,112.72583244674937,157.1578541454846,69.36023222652862,756.0391790027799,67.53181898564901,20.91343986183557,2239.650842272337,111.29030788870168,208.32076355111565
Japan,371.339905864028,87.62951906287255,356.5095809278311,89.48537483419503,70.97367829965535,597.2809849230582,84.02760073959429,13.123670280531,2050.637728893783,112.4007713859908,267.8666425760269
Jordan,583.8662233283809,47.95081755475764,132.76545891689196,141.04341454555004,53.704224609243326,844.2794377103843,47.67098885644576,29.034068690512065,2209.5417607979684,113.60411945125831,215.62300713454576
Kazakhstan,322.11931490012694,24.68536578390887,119.48714283567251,102.27050221445307,68.94287077371395,516.6363319536277,50.88203447505999,57.55385005657909,1560.5376724677783,110.50413149274412,187.4561279818912
Kenya,419.4382023371929,52.86628744847847,147.75084196214684,97.221356302932,76.90617011074048,669.5967976638057,29.06457106232741,16.420594051986868,1799.8239646202396,104.51702962740754,186.04211405322215
Kiribati,497.76375301080816,37.28441993285547,110.91160418939886,79.17490903275738,57.33434712207237,688.7029191633031,23.174480824617515,30.10600312809567,1821.2128321026485,110.16747410420706,186.59292159453204
Kuwait,498.35736945383337,50.15937615419438,143.74307716362023,141.29574048823525,54.7241256220721,764.6623428257882,81.03096521290782,29.35554177631497,2103.7942391242614,116.30845097710116,224.1572494501935
Kyrgyzstan,291.39436789192155,24.56188905551926,116.97331658668584,102.81552278949472,68.9465845163825,652.4032297100887,30.47830100061467,60.99641375192459,1648.523251444385,110.8541351790182,189.09949096273456
Lao People's Democratic Republic,277.9723165633848,25.358153890310444,105.91895546109288,73.06578259344309,50.472297494482085,447.2718632237292,29.452397791148503,45.69792911234962,1357.610999645333,113.56862164194467,188.8326818734498
Latvia,532.9530644742387,24.776120984913625,146.19670349292576,102.96612760975268,69.10443732632987,531.4855890978465,51.74951898432212,44.88692047471885,1762.120571337508,110.62654724792944,147.37554164452987
Lebanon,775.0271808971057,47.29870057773012,130.87056870379354,152.84082015771136,53.992694057409096,1018.766226094303,53.52419843845164,33.16758215981328,2587.170064863409,109.90830727082846,211.7737865062604
Lesotho,604.6266645236296,42.832467185843306,124.60065536557696,95.67778246507382,71.07547032761458,591.7671321833571,25.984038538530765,11.76636025673531,1841.7983319065584,108.1984071896685,165.2693538705257
Liberia,884.6799101784982,38.37853547698286,130.7520077575329,95.61812758247048,68.44766564045051,603.8417405275001,20.3896739356249,12.742153703440636,2145.114359551419,110.91719041894687,179.34735432997243
Libya,617.1858383525604,46.7633196460226,132.98840937993597,137.9273365446434,53.477877180914746,911.1084066948836,59.61823950157152,28.190324375804,2301.0614637918534,111.08260592453782,202.71910619097983
Lithuania,525.3484594682269,24.67759296467703,169.05729929811068,103.2612239898029,68.73267073090994,692.982394495377,54.72002796654741,44.70602235651573,1940.817444608247,110.22494215342935,147.10681118465024
Luxembourg,801.5258976042949,49.6511222002109,169.14797305541504,134.17098159983956,73.23409520965261,838.1073960071586,134.56345784767228,25.701121853175017,2524.513366294492,120.96664600199284,177.44467491508215
Madagascar,507.4515446612832,50.9173941447305,145.379977068934,96.00970770783478,70.35579726632099,729.4340329461015,22.85948408225365,13.316936142865776,1931.6113905275224,111.22597933591568,184.66053717128304
Malawi,568.5317546022866,50.706212459785945,143.69832643831407,95.30779258828404,69.93091949839888,666.5136823959989,22.172099274289614,10.536758466143022,1913.1978404953416,110.47255384113448,175.32774093070483
Malaysia,249.88779058514717,17.609025583023364,123.31844984538608,67.75998450649463,51.479120625240405,760.7257234253924,44.14120712962056,30.4971954450844,1664.299117280785,114.13967824978532,204.74094188561045
Maldives,267.12985029944514,27.05328421084472,123.67050184306972,68.4941292258262,52.18396068015931,451.2734239715069,35.60785115652402,35.65272363779047,1388.775320937685,118.20499503860133,209.50460087391687
Mali,777.3357175908844,38.27865374777715,126.591323622105,96.25624923858548,68.59791563380978,621.3818416041312,24.66360875875841,14.742735579402629,2059.7104880012603,110.84725631732232,181.01518590848488
Malta,1403.4131533081654,50.24675742875005,164.8457825351821,134.73545944102395,73.49400170588278,420.4400374166182,101.18459496575451,24.002448640285817,2677.744033906084,122.7773975704466,182.60440089397457
Marshall Islands,493.5286750509742,37.55017179661349,103.38931804600368,79.18205142748383,58.08676744119614,574.2776530746183,28.57448062006108,32.95339125659015,1710.3774530326723,111.70021650335148,191.13472781577968
Mauritania,612.2860277867978,38.384479751609774,137.71378849474283,97.51365275862548,69.09925258529293,552.6990671895267,31.84394530590868,11.626231351732113,1853.0716549677056,110.95446190830776,190.950747835162
Mauritius,219.3500174972569,25.15987178938955,110.1856104411804,66.96370785874882,49.85931260997405,828.4219288181736,41.35169806243628,33.243041864817776,1683.0032267832994,111.55114216956328,196.9168956717588
Mexico,671.1765703154244,30.29414269741749,141.75227613848176,187.45559016176668,79.18593835979996,570.0972914966454,81.39056867472102,23.536066411031552,2094.7754938430744,102.2990179910166,207.58803159676933
Micronesia (Federated States of),494.0685067657026,37.52245379746805,113.77313053852828,79.23672967370364,57.9596923910138,573.3599177873209,26.044374138130884,30.227220984735283,1715.4926021317017,110.8001945662052,192.5003814888936
Monaco,1018.2026635947942,49.15993834706564,182.13611810700263,134.17551508416764,72.78258499527116,728.2353373911518,178.23313868135097,23.231100009889108,2680.92559372424,120.35595338273764,174.4132441308083
Mongolia,452.22495448615007,24.608539775102493,118.99904285233411,102.53228588136076,68.81764623571243,559.1608701615626,41.20613245418707,56.24270706516219,1719.9149350122966,110.9949842221407,185.1277718785846
Montenegro,792.3154359393831,24.84822224197797,129.91685636456197,99.67906332996556,69.35905988605624,421.1926351254878,46.16260685256864,54.750381105493865,1940.0591260566075,111.39685453857804,190.43801067253403
Morocco,550.5731995507743,46.70519007875479,129.77323566784673,139.37108493500477,53.40168139956886,848.4196469191318,46.98086740650481,26.78063675652058,2159.622220198443,111.90086280443244,205.71581467990447
Mozambique,714.2579255233734,50.12956161345505,142.67922380270545,94.2260104309222,69.56267940551386,671.0636326448691,21.34364341783085,10.270339906369829,2054.1895267990485,108.75662380646918,171.89988624753897
Myanmar,305.38359213933256,25.08453163011724,112.89539770929392,66.7898290551352,50.20981839291687,526.8037380048629,27.516747440399143,39.776344386099694,1449.1105164684388,111.02520496301425,183.62531274726544
Namibia,576.2595990838287,42.966817210411854,131.03823482065565,97.38546124959107,71.09935751528515,528.7505486341473,38.66701225363487,12.842998568588142,1786.1903451213443,109.8632968605218,177.3170189246788
Nauru,500.5948020614371,37.56353947061926,107.4834681237865,79.2522341980624,57.99371512008669,578.687538423445,34.238815484456914,29.24370216631044,1725.1814268256626,110.80351419876848,189.32009757869093
Nepal,490.5408165951146,25.77950730198735,69.3421599443309,77.18395503213341,55.00276877078356,571.4239391625401,33.307234462787264,68.06248688809733,1717.2473132605826,110.4349007870526,216.1695443157552
Netherlands,1205.149582838192,61.15231785382007,169.463390344253,154.88742006354428,69.66647320871313,1149.8639059764623,100.6427411774558,33.4081425395294,3271.434425590815,120.09574174639216,207.1047098424513
New Zealand,1082.43733902701,64.0266941594917,179.71377356675382,222.02588998079963,77.4883314991785,611.1016526885767,111.1420052101903,64.99976585517142,2736.8999126414437,116.34998714301868,207.61447351125472
Nicaragua,659.943433296514,47.80448847033287,128.6951272310623,158.3838061038232,73.62339486831924,588.0412673547189,53.874044643225815,19.905083035379384,2048.0221950016803,109.51054835945412,208.2410016388514
Niger,693.0957757768618,38.43870728228498,124.7502306352978,97.0996652378171,68.74726926414927,668.0642539626319,21.542542738196836,16.470962393005717,2023.390817187248,111.12208551971906,184.05932437728225
Nigeria,695.369913292207,38.44711527298619,132.36958965013562,97.67743784434442,74.24609197285666,754.7596344192971,33.929643716856155,18.96919652558449,2140.863592742932,103.0762616670303,192.01870838163336
Niue,500.96842006594267,36.96079184653461,115.41528956756731,81.17583944591374,57.31199516057978,576.8150683541973,38.88312329574764,26.921748099906356,1750.219895290301,111.12652583418507,204.64109361972763
North Macedonia,672.4984844525824,24.78889589542945,119.18094484999824,100.22323921951455,68.96212159222142,405.2912480829065,43.34675027194047,53.87679091984504,1791.180955780462,111.35680416152252,191.655676334501
Northern Mariana Islands,490.707653598137,37.951565719483256,121.72951544584826,80.78539202459588,58.26038595306315,576.7553090247922,42.64921910613352,25.96190389568922,1753.9053790331968,113.63339503921958,205.47103922623427
Norway,934.218305741906,33.333228958701504,145.02448862542096,126.0905167192642,77.05460953862799,559.5052537028855,126.34617704073057,22.638020679924303,2308.757301306347,112.09019921991356,172.45650107897214
Oman,569.9376436094923,49.91699210310389,141.8547053333368,137.1227337246211,53.74134914991426,692.8617784120112,71.78086891458828,32.54852873739598,2080.1564681099385,117.240487579639,213.1513805458377
Pakistan,454.9042986254542,26.261401804783752,84.50211323967886,77.17601208788112,62.92524522305613,866.0811658287164,38.61302983638863,63.07209227740956,1997.5580302392937,104.88986495598516,219.132806359939
Palau,486.59824345731823,38.52675928326988,123.1266361506578,79.80665696256128,58.45114951975404,576.3100354006774,39.25180266993381,27.1899495852992,1744.236804312959,113.95801943186054,201.0175518516291
Palestine,666.771660583305,46.81773816765433,121.02877150389264,140.830173124689,53.55918463298893,907.5037286384788,40.47480740548086,34.024391684819186,2334.7568649108366,111.01721740733213,212.72919176219415
Panama,502.4298052846669,47.6746397818065,134.12763907349404,158.05019748059564,73.50358901606323,534.4742243215289,85.98495358193183,21.70744357106895,1883.070469678272,110.86793483665124,214.25004273046468
Papua New Guinea,476.9085036909093,37.77448246743394,119.39880788547904,79.63493661374785,57.94856731608058,610.8958847602601,26.265389532019597,35.49664038469353,1753.6930924729263,112.8677591429666,196.50212067933649
Paraguay,935.9274962002976,75.22359495555442,107.1347819005692,166.6748581531196,63.57350424810191,637.8044741391358,69.35619478430179,23.40813449453413,2382.193760742868,111.06967548222129,192.0210463850328
Peru,984.0386724521042,73.61844500203767,123.2775694174685,155.27791490626373,70.32301882717265,637.5514166804633,99.59415528312898,23.976477337003548,2435.9172575504954,111.53802500815584,156.72156263669854
Philippines,324.8606367438107,25.53908334015522,120.98608184430633,69.00206707836142,59.13587725829996,496.25654440895016,31.6706267416556,34.663802835122226,1466.573176426197,106.07219195096523,198.38626422456923
Poland,456.4790038125678,24.81970330190637,127.2086277280091,102.1247256593328,75.8157154944818,448.5241640107943,55.68066668601679,65.5077071367692,1653.5083099981762,104.43564586714764,192.9123503011504
Portugal,1404.7528820404364,49.33427012010282,163.71936661171725,159.14042241549464,72.86381832643576,761.9811841842949,93.47777931407713,25.97132294664184,3021.899693177723,119.38735270279382,171.27129451572748
Puerto Rico,838.9731175299356,106.6486118257679,111.14932769879589,156.99202394970857,69.88596096084648,785.3004613542508,104.59052513137142,20.88780343527712,2512.232834478573,109.92654067005614,207.87846192256475
Qatar,388.5445692802334,52.17955000082934,186.0608849088527,140.90603989723354,53.9284228796975,605.9751461091495,95.3226209171142,27.388760964644906,1902.8555266358376,121.50426522015115,231.0452664579314
Republic of Korea,581.2540967872062,46.65580339970545,322.02476038329826,81.29068729087126,60.16757735889623,495.2558424177405,81.55147354845023,1.8254406700935857,1988.50964893558,122.17413166677146,196.30983541254693
Republic of Moldova,577.5907069963821,24.77159357626296,135.69306128844377,102.77216540190332,69.03292400005412,565.1640168750415,36.8026690633234,52.93769211984882,1821.4789078858023,110.81310717255214,145.90097139198778
Romania,588.8186120982605,24.75269755756684,120.12779084736852,119.43654254706446,68.85356771684825,343.9607244311872,50.57212067042982,52.39266050332045,1667.4642749729833,111.6594215509902,186.890137049946
Russian Federation,407.272846849691,24.73779055374696,139.66370087913097,103.53736425311436,75.75681285788946,660.2881673000154,52.39758407659384,57.35358759656432,1752.0786798915206,102.97515612980428,128.09566939497125
Rwanda,570.4049969035445,50.92976240031293,155.0476932009615,95.9267998041838,70.57973182419185,688.0987710514429,24.39585245790256,14.762722322562468,1961.1180442832745,110.01881387121684,180.95290044695483
Saint Kitts and Nevis,737.554216463602,105.2129235641388,106.40642024893272,155.40621781508904,68.28974891216669,653.3847742345582,98.05732873121428,21.87781459996003,2259.3045477559576,110.29460316917545,202.82050001712216
Saint Lucia,743.5395201380533,107.01652426742176,113.06384902041962,154.91730202584486,69.45432391626433,655.2632416242026,76.00293496990258,22.343093010821832,2253.6160638866995,110.85283287267912,201.1624420410894
Saint Vincent and the Grenadines,708.2037828844324,107.28998105843888,109.93872357320126,154.45023397083193,69.52992726922325,625.9298717710295,75.0021733818643,22.25122841259094,2183.5488115676526,111.63265955908028,199.32022968695887
Samoa,496.7489799683888,37.65384209432211,121.44094729777056,80.60181304647271,58.346621291910544,554.5857221836832,30.33401725309442,28.003535660235688,1721.8326882075028,112.37517302076024,201.74203639086517
San Marino,1024.6984544094507,49.443943070575386,182.4613495256183,135.43800796625663,72.95103212518102,731.6254710147592,113.95584865721894,24.124149615665115,2635.0828081960794,120.05195877510576,180.33259303624905
Sao Tome and Principe,794.1067212881835,38.76573847684356,133.76546522506655,97.87931830954624,69.48106590829408,588.8072689436174,29.577167187429737,11.709089060769529,2069.657796287342,111.92274607202629,193.64321581556413
Saudi Arabia,694.1880855450953,75.73382818286001,141.34369149022996,149.44349201816283,53.96138385442416,764.8728174444047,76.655285283197,30.43515095413612,2314.577338277543,116.53482171222224,211.4087817928124
Senegal,699.7102770893322,38.855913119755954,133.64444953054343,96.53480841295296,70.16613229425725,640.2000347287724,27.84194505354294,10.947309628625138,2015.985515722627,110.6767877409242,187.40785812392008
Serbia,737.8570776743179,25.10195860803765,125.33571527706638,100.5467448779049,69.77428609586457,436.07965596100297,44.687222438379024,57.19331352786909,1900.2423002573048,112.3216408839243,191.34468491293916
Seychelles,285.1044182539409,26.249542482309625,117.32451731877669,67.42388984926674,51.30542029847115,470.067014786847,43.08247695457848,31.626143169536416,1407.5464969304344,115.53335969076724,199.8297141259418
Sierra Leone,839.2543005331348,38.279705243311255,127.29401682192196,96.03025447315336,68.49163198156954,616.0677972646687,23.096144455581168,11.65266395257806,2112.063287961415,110.84967609837751,181.0470971371188
Singapore,367.55060119533886,64.67718041379781,327.53823151683906,126.08375230675864,63.15916696405661,316.92800567112505,106.34418179639944,4.716599863711566,1759.5042708427495,122.5178794856034,259.98867162911944
Slovakia,575.3876488434344,24.767718539763734,122.16142782167248,100.268521757402,69.00478342977107,443.54613036192006,54.25778463469415,52.219303986250544,1743.9241936805208,111.52829567223236,190.7825786333796
Slovenia,736.0921367011114,24.974946427274347,129.88534181830755,100.74248223768444,68.98203841709855,442.72726198510935,55.05772519080064,52.161551598255855,1917.542207187407,112.31138750168674,194.60733531007835
Solomon Islands,483.9758861314761,37.653832037310416,113.30743257566024,80.12146137401261,57.78013043787881,672.2117014787677,23.559948896274104,34.039788631363564,1807.380626755853,112.58421545400658,192.1462297391016
Somalia,415.271410741259,51.74090726743295,146.43844413521134,94.73534764054122,71.11247113552999,773.7534693277117,16.249387273698677,10.35224747537542,1865.0164543710057,110.64369710080103,174.71907227344477
South Africa,625.778800824424,43.61359571805682,133.0333049167076,98.5557659093069,77.3205333846712,658.0153177975969,42.78460131911034,14.475160160939412,1974.2866729194,102.17130348675936,178.53828940182757
South Sudan,674.6070807182448,51.01585279002615,142.7588424126179,94.28738514318098,70.70943958546837,716.7452982021936,21.95501173347948,13.057453836780365,2076.450958538064,110.0305763911044,181.28401772496815
Spain,868.9712303554348,98.72470201443988,187.1157918728209,128.81480688154488,72.93335058432561,720.6948733885463,120.10479504414047,32.06099419121987,2487.4605673566384,120.33579954849644,137.70422347566802
Sri Lanka,231.50335689774224,67.33917757388986,119.56984487501369,67.69343794339416,50.49341700938815,493.0137863304651,36.20736252848352,36.94428843981639,1414.8272060274132,111.5077934598329,200.55474096938696
Sudan,527.4727577639286,46.28729862856116,122.7882625839316,137.2247007068819,52.42771272684876,941.1565344274884,36.55775447247649,43.90769695612436,2212.77648563498,111.54691470817252,193.4068526605655
Suriname,698.3837910071875,106.75896610515235,105.76197129640562,153.29361806878737,69.465851951516,666.8861837518962,78.14337043040237,23.1566361333312,2202.1130474525366,110.0297342065962,190.23292450126172
Sweden,733.8879553784188,46.94634911330648,199.52815370094305,134.26510303252266,73.16898467144206,783.6978599937685,116.02803002778232,34.496283143649535,2386.5143519454205,121.10013010751024,143.39550277607714
Switzerland,868.1664001996076,51.15075624247645,176.20938784622382,134.6400619650448,73.08559886572452,954.4118717333648,104.95426138718958,23.32354817407592,2685.4864316477765,120.5457079991532,178.9988372349158
Syrian Arab Republic,732.5732605594706,44.9778427592145,125.30061898802283,137.2738043527763,52.690960117308,1511.757964776065,38.90848197990151,29.850403075010213,2981.617044381352,108.41209988543964,199.8716078881457
Taiwan,483.6683432678719,39.832956819698,124.00232142094428,48.40065198795758,52.4130237311205,384.3113388731043,77.53286921905796,15.61541203690304,1556.354799865664,111.87977433845572,218.69810817055105
Tajikistan,380.7670151398641,24.68617331542769,113.67671542802664,102.7952450028535,68.73968904354943,620.6220098283665,28.83667911739931,63.52884150259327,1704.31519458588,111.86422588012331,188.7986003276754
Thailand,251.55779847547652,47.85903379535765,114.43398402379168,62.03403247642928,50.4971847912675,381.54374664580286,39.41858692373892,43.82123941309754,1296.265300333528,111.64644709911812,193.45324668944943
Timor-Leste,272.4793087375018,25.440042588939157,116.1579948415856,65.86815876965368,50.55964904198765,477.532273077573,22.854102823240385,51.13050047924936,1385.1439426839968,113.22730390542893,189.8946084188376
Togo,1036.5191841993444,38.385403976726245,131.58223897321355,96.54512649891775,69.13732866147237,788.9360778003181,24.52734250227929,10.590760096616991,2487.0673339397104,110.205214613788,180.63865661703437
Tokelau,494.7347766123259,38.15242255616261,115.4244733664874,80.54732014667157,58.9998394224053,576.432780292863,36.264402302449305,27.207689173746093,1744.0085084360635,111.88179512606258,204.36300943688812
Tonga,658.0875639026134,36.9260932766998,121.80575357827747,80.61730257325985,57.82616958990971,681.2982449524268,31.219949370047644,26.80740458659598,2008.792477082952,110.2977091659395,203.9062860871816
Trinidad and Tobago,633.0137212231332,107.09758808787176,111.57994474377324,153.5792501936173,69.52097442809405,767.9753977695683,96.7501311787443,20.33855258349762,2257.5967728451283,110.47427530231538,187.26693733451216
Tunisia,693.0923838201604,46.74416302639032,134.72831698772157,141.82381547597052,54.03002239774258,1069.218881901463,52.16290903539238,30.615627662304757,2545.6054600729403,110.69150202126988,212.497837744525
Turkmenistan,366.2443600128148,25.00559485967954,119.38174893046558,102.409255107761,69.2294076620719,586.272141475112,45.951608097967686,60.02342853500306,1673.5230333958746,112.06209151701287,186.94339719798532
Tuvalu,490.3219545662165,38.03052557496844,118.0448587704818,79.96047424401264,58.356443719411146,573.9354761483597,27.448739891486355,28.577345706230247,1720.8184083427534,112.1305340588629,194.01205566272304
Türkiye,505.1549800031581,75.9233648191568,118.9521978908808,141.19739198094845,53.722468033193486,920.0284288465008,71.8830374890065,18.959097960582717,2183.1981593301034,111.4761650083536,165.90102729832162
Uganda,612.4180491050696,51.04265691126359,163.03577445166476,95.4542884423776,70.10538032810184,641.3434437891935,25.67713270968042,14.437535364541672,1962.2541261964489,110.32601904354662,178.41384605100933
Ukraine,478.3119203401844,24.82449674649392,135.47309158517476,104.24670276413944,75.93371357843726,969.9419640229264,39.41672172860186,56.666970422748506,2134.616011177849,103.41296453168772,146.3874654574552
United Arab Emirates,478.514238867815,17.74381405972257,123.90110786824172,140.43992764781822,55.98310434156466,719.3247647244082,79.1919885936205,32.71309913203526,1995.0654184015184,121.72837809701592,225.5249950692762
United Kingdom,1126.8012464699257,47.839667957399065,152.2304102344916,135.74629752866963,78.41466929147755,1256.2440852424356,105.80237627099916,28.28003935523124,3216.373249759623,111.7634530245062,173.25100438448976
United Republic of Tanzania,387.9242776829496,50.48164209384704,148.1528026982964,95.27720247262376,69.6950684861018,741.6517800511265,26.86181947952797,12.751784106561,1824.3581236266057,110.78839816003172,180.77334839553905
United States Virgin Islands,728.0968183128277,106.87439202508148,116.2781010940872,154.91711944189456,69.36219458399499,549.6730486538917,102.30782324719772,21.636904354860143,2161.5410454760777,110.90563163836444,201.48901212387747
United States of America,693.1991666569669,69.51618691703031,200.3220424454564,129.0220209250514,68.97611067697682,818.4167009369286,62.68450039889797,37.2167231681926,2471.1788910438886,131.96754502191533,259.8578938964718
Uruguay,953.5721307148284,42.56068209132934,185.9022673973528,164.4326902326554,70.08480696050628,690.3436906171302,79.42654904226544,28.3290942318938,2496.901742604983,119.1613605246176,163.0884707924044
Uzbekistan,282.2759853980912,24.728101340138345,111.69053316247884,103.6426724433272,68.97942445632825,559.9796183597814,37.98511185657991,59.15314745343961,1552.6046330400948,111.58361716631111,192.586421403618
Vanuatu,488.9178439420596,37.563173977706896,110.16036918295616,80.35993527042034,58.1217632467722,570.7125539583053,24.93814519626166,29.08740997568616,1706.5237656107877,112.2404371972632,194.42213366335497
Venezuela (Bolivarian Republic of),615.3522745445279,87.135510719485,131.1856346851338,155.8398646091544,72.90480180318626,720.8327929598406,59.74300563690005,21.3754451760232,2180.483570908121,109.91210255769168,206.20213821617747
Viet Nam,236.82602945632743,12.360623779131892,111.67628081509444,68.18811381760422,47.31247891583013,428.18548078525816,31.17802073127243,27.45037930857104,1282.6327241199813,112.59312795515892,206.8621885557331
Yemen,543.6265197765655,26.489531461449197,118.81072904589324,136.0882448172149,52.50767952557473,912.9259923703388,31.169489136440987,44.62653991136522,2166.6635359045345,110.28727137333092,190.13153848635977
Zambia,619.7493404017049,50.479085542083205,143.02372741369507,94.38897387147466,69.60014181690424,694.5557422650846,28.7448292463776,10.862036382156935,1995.4758030611376,109.88160653380868,174.19031958784836
Zimbabwe,566.2884521978491,42.57217139103316,121.18561763801254,96.53597650587336,70.84142453971218,663.5575216331672,25.94449987821068,16.049277036980698,1880.185396400609,108.6404476849549,168.57000789481518
